0	0	0	0	0	0	0	0	0	0	0	0	0	0	0	0	0	0	0	0	4
1	0	0	0	1	1	1	1	0	0	0	1	0	1	0	0	1	1	1	1	0
2	0	1	0	2	2	1	2	0	0	0	0	0	2	0	0	1	0	0	1	2
3	0	2	0	3	3	0	2	0	0	0	0	0	0	0	1	1	2	2	2	4
2	0	2	0	0	0	0	0	0	0	0	0	0	0	0	0	0	0	0	0	2
2	0	3	0	2	2	1	2	0	0	0	0	0	2	0	0	1	0	0	1	2
4	0	3	0	4	2	2	3	0	0	0	0	0	1	0	0	2	3	0	3	8
2	0	3	0	3	2	3	4	0	0	0	0	0	3	0	0	1	4	2	2	4
5	0	4	0	5	1	0	4	0	0	0	0	0	0	0	0	1	5	3	4	40
4	0	4	0	6	1	0	2	0	0	0	0	1	1	1	0	0	0	0	0	8
1	0	4	0	3	2	3	4	0	0	0	0	0	3	0	0	1	4	2	2	8
1	0	0	0	3	2	3	4	0	0	0	0	0	3	0	0	1	4	2	2	8
6	0	1	0	3	2	3	4	0	0	0	0	0	3	0	0	1	4	2	2	8
6	0	1	0	2	2	1	2	0	0	0	0	0	2	0	0	1	0	0	1	1
2	0	1	0	2	2	1	2	0	0	0	0	0	2	0	0	1	0	0	1	4
7	0	3	0	6	4	4	5	0	0	0	0	0	2	0	0	1	2	0	2	8
2	0	3	0	2	2	1	2	0	0	0	0	0	2	0	0	1	0	0	1	2
4	0	4	0	2	2	1	2	0	0	0	0	0	2	0	0	1	0	0	1	8
6	0	2	0	2	5	0	0	0	0	0	0	0	0	1	0	3	2	2	4	8
2	1	1	0	6	4	0	6	1	1	1	0	0	0	1	0	0	6	4	1	2
6	1	1	0	7	6	5	3	1	1	1	0	2	2	1	0	1	6	5	4	8
6	1	4	0	2	2	1	2	1	1	1	0	0	2	0	0	1	0	0	1	1
7	1	4	0	4	2	2	3	1	1	1	0	0	1	0	0	2	3	0	3	40
0	1	3	0	3	2	3	4	1	1	1	0	0	3	0	0	1	4	2	2	4
5	1	4	0	0	0	0	0	1	1	1	0	0	0	0	0	0	0	0	0	8
2	1	4	0	4	2	2	3	1	1	1	0	0	1	0	0	2	3	0	3	7
2	1	0	0	0	0	0	0	1	1	1	0	0	0	0	0	0	0	0	0	1
0	1	1	0	5	4	5	3	1	1	1	0	0	2	0	1	1	7	6	5	4
5	1	1	0	0	0	0	0	1	1	1	0	0	0	0	0	0	0	0	0	8
2	1	3	0	2	2	1	2	1	1	1	0	0	2	0	0	1	0	0	1	2
5	1	4	0	2	2	1	2	1	1	1	0	0	2	0	0	1	0	0	1	8
5	1	2	0	6	5	3	6	1	1	1	0	0	1	1	1	4	0	4	6	8
2	1	2	0	6	1	0	2	1	1	1	0	1	1	1	0	0	0	0	0	4
5	1	4	0	6	5	3	6	1	1	1	0	0	1	1	1	4	0	4	6	8
2	1	4	0	2	2	1	2	1	1	1	0	0	2	0	0	1	0	0	1	2
2	1	4	0	4	2	2	3	1	1	1	0	0	1	0	0	2	3	0	3	1
2	1	0	0	0	0	0	0	1	1	1	0	0	0	0	0	0	0	0	0	8
6	1	2	0	0	2	3	0	1	1	1	0	0	2	0	0	1	4	2	2	4
0	1	3	0	6	5	3	6	1	1	1	0	0	1	1	1	4	0	4	6	8
2	1	3	0	3	2	3	4	1	1	1	0	0	3	0	0	1	4	2	2	4
2	2	0	0	2	7	6	3	2	2	1	0	0	2	1	0	1	8	2	5	2
2	2	4	0	1	1	3	2	2	2	1	0	0	2	1	0	1	6	0	3	4
2	2	0	0	2	2	1	2	2	2	1	0	0	2	0	0	1	0	0	1	4
5	2	0	0	6	8	0	7	2	2	1	0	0	1	0	0	1	9	2	7	8
2	2	1	0	5	1	0	4	2	2	1	0	0	0	0	0	1	5	3	4	2
2	2	4	0	1	1	3	2	2	2	1	0	0	2	1	0	1	6	0	3	3
2	2	0	0	2	2	1	2	2	2	1	0	0	2	0	0	1	0	0	1	3
2	2	2	0	0	5	3	5	2	2	1	0	0	1	0	0	0	7	0	4	4
4	2	3	0	3	2	3	4	2	2	1	0	0	3	0	0	1	4	2	2	8
7	2	4	1	0	5	3	5	2	2	1	0	0	1	0	0	0	7	0	4	32
1	2	4	1	3	2	3	4	2	2	1	1	0	3	0	0	1	4	2	2	0
1	2	4	1	8	4	6	3	2	2	1	1	0	1	1	0	3	2	2	2	0
2	2	0	1	8	4	6	3	2	2	1	0	0	1	1	0	3	2	2	2	2
2	2	0	1	1	1	3	2	2	2	1	0	0	2	1	0	1	6	0	3	2
1	2	0	1	0	0	0	0	2	2	1	1	0	0	0	0	0	0	0	0	0
1	2	0	1	1	1	1	1	2	2	1	1	0	1	0	0	1	1	1	1	0
5	2	1	1	8	4	6	3	2	2	1	0	0	1	1	0	3	2	2	2	3
2	2	1	1	2	2	1	2	2	2	1	0	0	2	0	0	1	0	0	1	3
1	2	1	1	9	6	3	0	2	2	1	1	0	4	0	0	1	2	2	4	0
2	2	3	1	6	4	0	6	2	2	1	0	0	0	1	0	0	6	4	1	1
2	2	3	1	2	2	1	2	2	2	1	0	0	2	0	0	1	0	0	1	3
2	2	3	1	3	2	3	4	2	2	1	0	0	3	0	0	1	4	2	2	4
2	3	0	1	2	2	1	2	3	3	2	0	0	2	0	0	1	0	0	1	3
2	3	0	1	1	1	3	2	3	3	2	0	0	2	1	0	1	6	0	3	3
1	3	1	1	1	1	1	1	3	3	2	1	0	1	0	0	1	1	1	1	0
2	3	2	1	2	4	6	3	3	3	2	0	1	2	1	0	1	8	0	8	1
2	3	3	1	2	2	1	2	3	3	2	0	0	2	0	0	1	0	0	1	3
2	3	3	1	8	4	6	3	3	3	2	0	0	1	1	0	3	2	2	2	3
2	3	0	1	1	1	3	2	3	3	2	0	0	2	1	0	1	6	0	3	3
2	3	1	1	8	4	6	3	3	3	2	0	0	1	1	0	3	2	2	2	2
2	3	1	1	6	4	0	6	3	3	2	0	0	0	1	0	0	6	4	1	2
2	3	2	1	0	5	3	5	3	3	2	0	0	1	0	0	0	7	0	4	5
2	3	1	1	2	2	1	2	3	3	2	0	0	2	0	0	1	0	0	1	8
2	3	1	1	8	4	6	3	3	3	2	0	0	1	1	0	3	2	2	2	3
5	3	2	1	3	2	3	4	3	3	2	0	0	3	0	0	1	4	2	2	16
7	3	0	1	0	5	3	5	3	3	2	0	0	1	0	0	0	7	0	4	8
0	3	0	1	8	4	6	3	3	3	2	0	0	1	1	0	3	2	2	2	2
0	3	1	1	0	0	0	0	3	3	2	0	0	0	0	0	0	0	0	0	8
2	3	3	1	4	2	2	3	3	3	2	0	0	1	0	0	2	3	0	3	1
0	3	3	1	3	2	3	4	3	3	2	0	0	3	0	0	1	4	2	2	3
2	4	2	1	2	2	1	2	4	4	2	0	0	2	0	0	1	0	0	1	1
2	4	1	1	8	4	6	3	4	4	2	0	0	1	1	0	3	2	2	2	1
7	4	2	1	2	2	1	2	4	4	2	0	0	2	0	0	1	0	0	1	8
4	4	2	1	2	8	4	5	4	4	2	0	2	0	1	1	1	4	0	5	8
2	4	2	1	0	5	3	5	4	4	2	0	0	1	0	0	0	7	0	4	5
6	4	4	1	5	1	0	4	4	4	2	0	0	0	0	0	1	5	3	4	32
4	4	4	1	2	5	0	0	4	4	2	0	0	0	1	0	3	2	2	4	8
7	4	4	1	0	5	3	5	4	4	2	0	0	1	0	0	0	7	0	4	40
2	4	1	1	8	4	6	3	4	4	2	0	0	1	1	0	3	2	2	2	1
3	4	3	1	5	1	0	4	4	4	2	0	0	0	0	0	1	5	3	4	8
2	4	1	1	8	4	6	3	4	4	2	0	0	1	1	0	3	2	2	2	3
4	4	1	1	2	8	4	5	4	4	2	0	2	0	1	1	1	4	0	5	8
7	4	3	1	8	4	6	3	4	4	2	0	0	1	1	0	3	2	2	2	3
0	4	3	1	3	2	3	4	4	4	2	0	0	3	0	0	1	4	2	2	4
0	4	4	1	6	4	0	6	4	4	2	0	0	0	1	0	0	6	4	1	1
0	4	0	1	8	4	6	3	4	4	2	0	0	1	1	0	3	2	2	2	3
3	4	1	1	0	0	0	0	4	4	2	0	0	0	0	0	0	0	0	0	24
2	4	2	1	0	5	3	5	4	4	2	0	0	1	0	0	0	7	0	4	3
2	4	0	1	6	4	0	6	5	5	0	0	0	0	1	0	0	6	4	1	1
5	4	0	1	1	1	3	2	5	5	0	0	0	2	1	0	1	6	0	3	64
2	4	1	1	1	1	1	1	5	5	0	0	0	1	0	0	1	1	1	1	2
0	4	1	1	6	1	0	2	5	5	0	0	1	1	1	0	0	0	0	0	8
2	4	2	1	8	4	6	3	5	5	0	0	0	1	1	0	3	2	2	2	2
0	4	3	1	3	2	3	4	5	5	0	0	0	3	0	0	1	4	2	2	8
5	4	0	1	1	1	3	2	5	5	0	0	0	2	1	0	1	6	0	3	56
4	4	1	1	4	2	2	3	5	5	0	0	0	1	0	0	2	3	0	3	8
0	4	2	1	8	4	6	3	5	5	0	0	0	1	1	0	3	2	2	2	3
0	4	3	1	3	2	3	4	5	5	0	0	0	3	0	0	1	4	2	2	3
2	4	0	1	8	4	6	3	5	5	0	0	0	1	1	0	3	2	2	2	2
4	4	1	1	4	2	2	3	5	5	0	0	0	1	0	0	2	3	0	3	8
0	4	3	1	1	1	3	2	5	5	0	0	0	2	1	0	1	6	0	3	2
5	4	3	2	6	4	4	5	5	5	0	0	0	2	0	0	1	2	0	2	8
2	4	3	2	8	4	6	3	5	5	0	0	0	1	1	0	3	2	2	2	2
2	5	1	2	8	4	6	3	6	6	3	0	0	1	1	0	3	2	2	2	1
5	5	4	2	1	1	3	2	6	6	3	0	0	2	1	0	1	6	0	3	1
0	5	0	2	1	1	3	2	6	6	3	0	0	2	1	0	1	6	0	3	1
5	5	0	2	5	1	0	4	6	6	3	0	0	0	0	0	1	5	3	4	8
0	5	1	2	8	4	6	3	6	6	3	0	0	1	1	0	3	2	2	2	2
2	5	2	2	2	7	6	3	6	6	3	0	0	2	1	0	1	8	2	5	2
0	5	2	2	8	4	6	3	6	6	3	0	0	1	1	0	3	2	2	2	2
0	5	3	2	8	4	6	3	6	6	3	0	0	1	1	0	3	2	2	2	1
0	5	4	2	1	1	3	2	6	6	3	0	0	2	1	0	1	6	0	3	2
0	5	0	2	8	4	6	3	6	6	3	0	0	1	1	0	3	2	2	2	2
0	5	0	2	1	1	3	2	6	6	3	0	0	2	1	0	1	6	0	3	2
0	5	1	2	1	1	3	2	6	6	3	0	0	2	1	0	1	6	0	3	2
0	5	2	2	1	1	3	2	6	6	3	0	0	2	1	0	1	6	0	3	2
0	5	3	2	1	1	3	2	6	6	3	0	0	2	1	0	1	6	0	3	2
0	5	4	2	1	1	3	2	6	6	3	0	0	2	1	0	1	6	0	3	2
0	5	0	2	1	1	3	2	6	6	3	0	0	2	1	0	1	6	0	3	2
5	5	0	2	2	4	6	3	6	6	3	0	1	2	1	0	1	8	0	8	8
5	5	0	2	0	0	0	0	6	6	3	0	0	0	0	0	0	0	0	0	8
0	5	1	2	1	1	3	2	6	6	3	0	0	2	1	0	1	6	0	3	2
2	5	2	2	2	7	6	3	6	6	3	0	0	2	1	0	1	8	2	5	2
0	5	2	2	1	1	3	2	6	6	3	0	0	2	1	0	1	6	0	3	2
0	5	4	2	1	1	3	2	6	6	3	0	0	2	1	0	1	6	0	3	0
2	5	0	2	8	4	6	3	6	6	3	0	0	1	1	0	3	2	2	2	1
4	5	2	2	0	0	0	0	6	6	3	0	0	0	0	0	0	0	0	0	3
2	6	3	2	2	7	6	3	7	7	4	0	0	2	1	0	1	8	2	5	1
1	6	1	2	6	4	4	5	7	7	4	0	0	2	0	0	1	2	0	2	8
6	6	1	2	2	2	1	2	7	7	4	0	0	2	0	0	1	0	0	1	8
0	6	2	2	5	1	0	4	7	7	4	0	0	0	0	0	1	5	3	4	2
2	6	2	2	2	5	0	0	7	7	4	0	0	0	1	0	3	2	2	4	8
0	6	3	2	3	2	3	4	7	7	4	0	0	3	0	0	1	4	2	2	2
4	6	3	2	0	0	0	0	7	7	4	0	0	0	0	0	0	0	0	0	8
6	6	4	2	9	6	6	1	7	7	4	0	0	2	1	0	1	7	1	2	8
1	6	0	2	9	6	6	1	7	7	4	0	0	2	1	0	1	7	1	2	8
0	6	4	2	8	4	6	3	7	7	4	0	0	1	1	0	3	2	2	2	2
2	6	0	2	8	4	6	3	7	7	4	0	0	1	1	0	3	2	2	2	2
2	6	0	2	2	4	6	3	7	7	4	0	1	2	1	0	1	8	0	8	1
2	6	0	2	2	7	6	3	7	7	4	0	0	2	1	0	1	8	2	5	8
2	6	2	2	8	4	6	3	7	7	4	0	0	1	1	0	3	2	2	2	3
5	6	4	2	7	6	5	3	7	7	4	0	2	2	1	0	1	6	5	4	8
2	6	0	2	7	6	5	3	7	7	4	0	2	2	1	0	1	6	5	4	1
2	6	1	2	8	4	6	3	7	7	4	0	0	1	1	0	3	2	2	2	1
5	6	2	2	2	5	0	0	7	7	4	0	0	0	1	0	3	2	2	4	8
0	7	0	2	0	2	3	0	8	8	3	0	0	2	0	0	1	4	2	2	2
5	7	0	2	3	2	3	4	8	8	3	0	0	3	0	0	1	4	2	2	8
5	7	0	2	5	4	5	3	8	8	3	0	0	2	0	1	1	7	6	5	3
5	7	0	2	2	8	4	5	8	8	3	0	2	0	1	1	1	4	0	5	8
4	7	1	2	0	5	3	5	8	8	3	0	0	1	0	0	0	7	0	4	8
7	7	1	2	3	2	3	4	8	8	3	0	0	3	0	0	1	4	2	2	8
7	7	2	2	2	4	6	3	8	8	3	0	1	2	1	0	1	8	0	8	8
7	7	3	2	6	4	0	6	8	8	3	0	0	0	1	0	0	6	4	1	3
7	7	3	2	3	2	3	4	8	8	3	0	0	3	0	0	1	4	2	2	40
6	7	4	2	2	8	4	5	8	8	3	0	2	0	1	1	1	4	0	5	40
1	7	4	2	5	1	0	4	8	8	3	0	0	0	0	0	1	5	3	4	16
0	7	4	2	3	2	3	4	8	8	3	0	0	3	0	0	1	4	2	2	16
7	7	0	2	5	1	0	4	8	8	3	0	0	0	0	0	1	5	3	4	8
3	7	2	2	0	0	0	0	8	8	3	0	0	0	0	0	0	0	0	0	8
3	7	2	2	2	8	4	5	8	8	3	0	2	0	1	1	1	4	0	5	8
0	7	3	2	3	2	3	4	8	8	3	0	0	3	0	0	1	4	2	2	4
2	7	3	2	8	4	6	3	8	8	3	0	0	1	1	0	3	2	2	2	1
7	7	4	2	3	3	0	2	8	8	3	0	0	0	0	1	1	2	2	2	8
7	7	0	2	2	2	1	2	8	8	3	0	0	2	0	0	1	0	0	1	24
2	7	1	2	8	4	6	3	8	8	3	0	0	1	1	0	3	2	2	2	2
6	7	4	3	8	4	6	3	8	8	3	0	0	1	1	0	3	2	2	2	8
7	7	4	3	2	4	6	3	8	8	3	0	1	2	1	0	1	8	0	8	1
6	7	0	3	8	4	6	3	8	8	3	0	0	1	1	0	3	2	2	2	8
6	7	1	3	8	4	6	3	8	8	3	0	0	1	1	0	3	2	2	2	16
7	7	1	3	2	2	1	2	8	8	3	0	0	2	0	0	1	0	0	1	3
7	7	2	3	3	3	0	2	8	8	3	0	0	0	0	1	1	2	2	2	16
0	7	3	3	8	4	6	3	8	8	3	0	0	1	1	0	3	2	2	2	2
7	7	3	3	6	4	0	6	8	8	3	0	0	0	1	0	0	6	4	1	3
0	7	4	3	8	4	6	3	8	8	3	0	0	1	1	0	3	2	2	2	1
0	8	1	3	0	5	3	5	9	9	3	0	0	1	0	0	0	7	0	4	1
2	8	1	3	8	4	6	3	9	9	3	0	0	1	1	0	3	2	2	2	1
0	8	0	3	5	1	0	4	9	9	3	0	0	0	0	0	1	5	3	4	1
7	8	1	3	6	4	4	5	9	9	3	0	0	2	0	0	1	2	0	2	24
2	8	2	3	5	1	0	4	9	9	3	0	0	0	0	0	1	5	3	4	1
0	8	3	3	8	4	6	3	9	9	3	0	0	1	1	0	3	2	2	2	2
0	8	3	3	3	2	3	4	9	9	3	0	0	3	0	0	1	4	2	2	4
7	8	1	3	2	2	1	2	9	9	3	0	0	2	0	0	1	0	0	1	24
2	8	2	3	1	1	1	1	9	9	3	0	0	1	0	0	1	1	1	1	1
2	8	3	3	0	5	3	5	9	9	3	0	0	1	0	0	0	7	0	4	3
7	8	3	3	6	4	4	5	9	9	3	0	0	2	0	0	1	2	0	2	8
0	8	3	3	0	5	3	5	9	9	3	0	0	1	0	0	0	7	0	4	1
0	8	3	3	6	4	0	6	9	9	3	0	0	0	1	0	0	6	4	1	8
5	8	3	3	3	2	3	4	9	9	3	0	0	3	0	0	1	4	2	2	56
5	8	0	3	0	0	0	0	9	9	3	0	0	0	0	0	0	0	0	0	8
7	8	1	3	5	1	0	4	9	9	3	0	0	0	0	0	1	5	3	4	24
5	8	1	3	9	2	3	4	9	9	3	0	0	0	1	1	2	4	7	5	8
7	8	2	3	0	0	0	0	9	9	3	0	0	0	0	0	0	0	0	0	16
3	8	3	3	6	1	0	2	9	9	3	0	1	1	1	0	0	0	0	0	3
1	8	4	3	6	5	3	6	9	9	3	1	0	1	1	1	4	0	4	6	0
7	9	1	3	0	0	0	0	10	10	1	0	0	0	0	0	0	0	0	0	8
0	9	2	3	5	1	0	4	10	10	1	0	0	0	0	0	1	5	3	4	2
0	9	4	3	5	1	0	4	10	10	1	0	0	0	0	0	1	5	3	4	1
5	9	0	3	2	2	1	2	10	10	1	0	0	2	0	0	1	0	0	1	8
5	9	0	3	8	4	6	3	10	10	1	0	0	1	1	0	3	2	2	2	8
3	9	1	3	2	7	6	3	10	10	1	0	0	2	1	0	1	8	2	5	4
0	9	4	3	5	1	0	4	10	10	1	0	0	0	0	0	1	5	3	4	2
7	9	0	3	2	2	1	2	10	10	1	0	0	2	0	0	1	0	0	1	1
7	9	1	3	0	0	0	0	10	10	1	0	0	0	0	0	0	0	0	0	24
1	9	1	3	3	3	0	2	10	10	1	1	0	0	0	1	1	2	2	2	0
1	9	1	3	7	6	5	3	10	10	1	1	2	2	1	0	1	6	5	4	0
1	9	1	3	9	2	3	4	10	10	1	1	0	0	1	1	2	4	7	5	0
1	9	1	3	9	6	6	1	10	10	1	1	0	2	1	0	1	7	1	2	0
6	9	0	3	2	2	1	2	10	10	1	0	0	2	0	0	1	0	0	1	1
7	9	1	3	1	1	1	1	10	10	1	0	0	1	0	0	1	1	1	1	24
4	9	3	3	4	2	2	3	10	10	1	0	0	1	0	0	2	3	0	3	8
5	9	4	3	6	4	4	5	11	11	2	0	0	2	0	0	1	2	0	2	8
4	9	4	3	4	2	2	3	11	11	2	0	0	1	0	0	2	3	0	3	8
6	9	0	3	6	4	4	5	11	11	2	0	0	2	0	0	1	2	0	2	24
2	9	2	3	0	5	3	5	11	11	2	0	0	1	0	0	0	7	0	4	4
6	9	3	3	6	4	4	5	11	11	2	0	0	2	0	0	1	2	0	2	8
6	9	4	3	2	2	1	2	11	11	2	0	0	2	0	0	1	0	0	1	8
2	9	4	3	5	1	0	4	11	11	2	0	0	0	0	0	1	5	3	4	4
6	9	4	3	6	4	4	5	11	11	2	0	0	2	0	0	1	2	0	2	8
7	9	1	3	1	1	1	1	11	11	2	0	0	1	0	0	1	1	1	1	8
7	9	3	3	6	1	0	2	11	11	2	0	1	1	1	0	0	0	0	0	16
2	9	0	3	1	1	1	1	11	11	2	0	0	1	0	0	1	1	1	1	1
7	9	1	3	1	1	1	1	11	11	2	0	0	1	0	0	1	1	1	1	80
4	9	2	3	9	2	3	4	11	11	2	0	0	0	1	1	2	4	7	5	8
6	9	3	3	2	2	1	2	11	11	2	0	0	2	0	0	1	0	0	1	2
0	9	4	0	0	2	7	1	11	11	2	0	0	2	1	0	3	9	0	9	2
0	9	2	0	8	4	6	3	11	11	2	0	0	1	1	0	3	2	2	2	2
5	0	0	0	5	1	0	4	12	12	0	0	0	0	0	0	1	5	3	4	16
1	0	1	0	1	1	1	1	12	12	0	0	0	1	0	0	1	1	1	1	8
8	0	3	0	1	1	3	2	12	12	0	0	0	2	1	0	1	6	0	3	8
0	0	3	0	1	1	3	2	12	12	0	0	0	2	1	0	1	6	0	3	4
0	0	0	0	7	6	5	3	12	12	0	0	2	2	1	0	1	6	5	4	8
5	0	2	0	2	4	6	3	12	12	0	0	1	2	1	0	1	8	0	8	8
2	0	3	0	5	1	0	4	12	12	0	0	0	0	0	0	1	5	3	4	2
1	0	4	0	7	6	5	3	12	12	0	0	2	2	1	0	1	6	5	4	8
1	0	0	0	7	6	5	3	12	12	0	0	2	2	1	0	1	6	5	4	8
2	0	4	0	5	4	5	3	12	12	0	0	0	2	0	1	1	7	6	5	3
4	0	0	0	4	2	2	3	12	12	0	0	0	1	0	0	2	3	0	3	8
0	0	1	0	0	0	0	0	12	12	0	0	0	0	0	0	0	0	0	0	8
0	0	2	0	2	2	1	2	12	12	0	0	0	2	0	0	1	0	0	1	8
5	0	4	0	0	0	0	0	12	12	0	0	0	0	0	0	0	0	0	0	32
5	0	2	0	0	0	0	0	12	12	0	0	0	0	0	0	0	0	0	0	8
1	0	2	0	3	2	3	4	12	12	0	1	0	3	0	0	1	4	2	2	0
5	1	3	0	0	0	0	0	13	13	2	0	0	0	0	0	0	0	0	0	8
5	1	3	0	5	4	5	3	13	13	2	0	0	2	0	1	1	7	6	5	3
2	1	4	0	0	0	0	0	13	13	2	0	0	0	0	0	0	0	0	0	1
5	1	0	0	6	1	4	8	13	13	2	0	0	0	1	0	0	4	0	5	8
7	1	2	0	0	4	0	7	13	13	2	0	0	0	0	1	0	3	7	4	1
7	1	2	0	0	4	0	7	13	13	2	0	0	0	0	1	0	3	7	4	2
0	1	3	0	3	2	3	4	13	13	2	0	0	3	0	0	1	4	2	2	4
2	1	0	0	0	0	0	0	13	13	2	0	0	0	0	0	0	0	0	0	4
2	1	1	0	6	4	0	6	13	13	2	0	0	0	1	0	0	6	4	1	1
6	1	2	0	3	1	6	0	13	13	2	0	2	2	1	0	1	3	1	4	8
2	1	2	0	2	4	6	3	13	13	2	0	1	2	1	0	1	8	0	8	1
7	1	2	0	1	1	1	1	13	13	2	0	0	1	0	0	1	1	1	1	3
2	1	4	0	6	4	0	6	13	13	2	0	0	0	1	0	0	6	4	1	2
2	1	0	0	6	1	0	2	13	13	2	0	1	1	1	0	0	0	0	0	1
2	1	2	0	1	1	1	1	13	13	2	0	0	1	0	0	1	1	1	1	1
5	1	2	0	6	1	0	2	13	13	2	0	1	1	1	0	0	0	0	0	8
3	1	0	0	4	2	2	3	13	13	2	0	0	1	0	0	2	3	0	3	8
3	1	1	0	2	7	6	3	13	13	2	0	0	2	1	0	1	8	2	5	8
6	2	4	0	2	2	1	2	14	14	5	0	0	2	0	0	1	0	0	1	8
2	2	3	0	2	2	1	2	14	14	5	0	0	2	0	0	1	0	0	1	3
5	2	1	0	0	0	0	0	14	14	5	0	0	0	0	0	0	0	0	0	24
1	2	2	0	6	8	0	7	14	14	5	1	0	1	0	0	1	9	2	7	0
6	2	4	0	6	4	4	5	14	14	5	0	0	2	0	0	1	2	0	2	16
0	2	0	0	0	5	3	5	14	14	5	0	0	1	0	0	0	7	0	4	3
1	2	0	0	6	0	0	2	14	14	5	1	0	0	0	0	3	1	0	9	0
1	2	0	0	0	2	3	0	14	14	5	1	0	2	0	0	1	4	2	2	0
7	2	1	0	2	2	1	2	14	14	5	0	0	2	0	0	1	0	0	1	8
6	2	1	0	6	4	4	5	14	14	5	0	0	2	0	0	1	2	0	2	32
2	2	2	0	2	2	1	2	14	14	5	0	0	2	0	0	1	0	0	1	1
0	2	3	0	0	5	3	5	14	14	5	0	0	1	0	0	0	7	0	4	4
0	2	3	0	3	2	3	4	14	14	5	0	0	3	0	0	1	4	2	2	4
0	2	1	1	6	8	0	7	14	14	5	0	0	1	0	0	1	9	2	7	8
0	2	2	1	1	1	1	1	14	14	5	0	0	1	0	0	1	1	1	1	1
1	2	2	1	6	8	0	7	14	14	5	1	0	1	0	0	1	9	2	7	0
0	2	3	1	0	5	3	5	14	14	5	0	0	1	0	0	0	7	0	4	3
3	2	4	1	0	5	3	5	14	14	5	0	0	1	0	0	0	7	0	4	40
7	2	4	1	2	2	1	2	14	14	5	0	0	2	0	0	1	0	0	1	8
2	3	4	1	0	0	0	0	13	15	6	0	0	0	0	0	0	0	0	0	8
0	3	4	1	6	1	0	2	13	15	6	0	1	1	1	0	0	0	0	0	4
0	3	4	1	0	0	0	0	13	15	6	0	0	0	0	0	0	0	0	0	8
4	3	3	1	0	0	0	0	13	15	6	0	0	0	0	0	0	0	0	0	8
1	3	3	1	1	1	1	1	13	15	6	1	0	1	0	0	1	1	1	1	0
1	3	3	1	6	4	0	6	13	15	6	1	0	0	1	0	0	6	4	1	0
1	3	4	1	2	4	6	3	13	15	6	0	1	2	1	0	1	8	0	8	8
3	3	4	1	1	1	3	2	13	15	6	0	0	2	1	0	1	6	0	3	3
4	3	4	1	9	6	3	0	13	15	6	0	0	4	0	0	1	2	2	4	8
0	3	1	1	2	2	1	2	13	15	6	0	0	2	0	0	1	0	0	1	1
1	3	1	1	2	4	6	3	13	15	6	0	1	2	1	0	1	8	0	8	64
1	3	1	1	6	8	0	7	13	15	6	1	0	1	0	0	1	9	2	7	0
5	3	2	1	0	0	0	0	13	15	6	0	0	0	0	0	0	0	0	0	16
0	3	3	1	3	2	3	4	13	15	6	0	0	3	0	0	1	4	2	2	3
1	3	3	1	6	8	0	7	13	15	6	1	0	1	0	0	1	9	2	7	0
2	3	4	1	6	8	0	7	13	15	6	0	0	1	0	0	1	9	2	7	2
2	3	4	1	6	8	0	7	13	15	6	0	0	1	0	0	1	9	2	7	2
0	3	0	1	1	1	1	1	13	15	6	0	0	1	0	0	1	1	1	1	1
0	3	0	1	0	5	3	5	13	15	6	0	0	1	0	0	0	7	0	4	4
2	3	2	1	2	4	6	3	13	15	6	0	1	2	1	0	1	8	0	8	16
0	3	2	1	1	1	1	1	13	15	6	0	0	1	0	0	1	1	1	1	1
6	3	4	1	4	2	2	3	13	15	6	0	0	1	0	0	2	3	0	3	8
1	3	0	1	3	2	3	4	13	15	6	1	0	3	0	0	1	4	2	2	0
1	3	0	1	0	5	3	5	13	15	6	1	0	1	0	0	0	7	0	4	0
1	3	0	1	5	4	5	3	13	15	6	1	0	2	0	1	1	7	6	5	0
1	3	1	1	2	4	6	3	13	15	6	0	1	2	1	0	1	8	0	8	5
3	3	1	1	2	4	6	3	13	15	6	0	1	2	1	0	1	8	0	8	5
2	3	2	1	1	1	1	1	13	15	6	0	0	1	0	0	1	1	1	1	1
6	4	4	1	1	1	3	2	15	16	0	0	0	2	1	0	1	6	0	3	8
2	4	4	1	6	4	0	6	15	16	0	0	0	0	1	0	0	6	4	1	2
3	4	0	1	2	2	1	2	15	16	0	0	0	2	0	0	1	0	0	1	8
0	4	3	1	3	2	3	4	15	16	0	0	0	3	0	0	1	4	2	2	3
2	4	4	1	0	5	3	5	15	16	0	0	0	1	0	0	0	7	0	4	1
1	4	4	1	9	2	3	4	15	16	0	0	0	0	1	1	2	4	7	5	8
6	4	4	1	5	1	0	4	15	16	0	0	0	0	0	0	1	5	3	4	120
0	4	4	1	6	8	0	7	15	16	0	0	0	1	0	0	1	9	2	7	8
1	4	0	1	7	6	5	3	15	16	0	1	2	2	1	0	1	6	5	4	0
5	4	1	1	6	1	0	2	15	16	0	0	1	1	1	0	0	0	0	0	1
6	4	1	1	1	1	3	2	15	16	0	0	0	2	1	0	1	6	0	3	3
2	4	2	1	6	1	0	2	15	16	0	0	1	1	1	0	0	0	0	0	2
0	4	2	1	2	2	1	2	15	16	0	0	0	2	0	0	1	0	0	1	3
7	4	3	1	6	4	4	5	15	16	0	0	0	2	0	0	1	2	0	2	8
7	4	3	1	0	5	3	5	15	16	0	0	0	1	0	0	0	7	0	4	4
7	4	4	1	6	4	4	5	15	16	0	0	0	2	0	0	1	2	0	2	8
0	4	0	1	2	2	1	2	15	16	0	0	0	2	0	0	1	0	0	1	1
6	4	1	1	3	2	3	4	15	16	0	0	0	3	0	0	1	4	2	2	8
9	4	3	1	3	2	3	4	15	16	0	0	0	3	0	0	1	4	2	2	8
1	4	3	1	9	2	3	4	15	16	0	1	0	0	1	1	2	4	7	5	0
1	4	0	1	3	3	0	2	15	16	0	1	0	0	0	1	1	2	2	2	0
2	4	2	1	2	2	1	2	15	16	0	0	0	2	0	0	1	0	0	1	1
7	4	4	1	8	4	6	3	16	17	2	0	0	1	1	0	3	2	2	2	3
0	4	4	1	2	2	1	2	16	17	2	0	0	2	0	0	1	0	0	1	2
0	4	4	1	2	2	1	2	16	17	2	0	0	2	0	0	1	0	0	1	1
2	4	4	1	6	1	0	2	16	17	2	0	1	1	1	0	0	0	0	0	3
0	4	0	1	1	1	1	1	16	17	2	0	0	1	0	0	1	1	1	1	1
0	4	3	1	3	2	3	4	16	17	2	0	0	3	0	0	1	4	2	2	4
8	4	2	1	6	4	4	5	16	17	2	0	0	2	0	0	1	2	0	2	8
0	4	2	1	2	2	1	2	16	17	2	0	0	2	0	0	1	0	0	1	1
0	4	3	1	2	2	1	2	16	17	2	0	0	2	0	0	1	0	0	1	1
2	4	0	1	2	4	6	3	16	17	2	0	1	2	1	0	1	8	0	8	1
2	4	0	1	1	1	3	2	16	17	2	0	0	2	1	0	1	6	0	3	8
2	4	2	1	6	1	0	2	16	17	2	0	1	1	1	0	0	0	0	0	2
0	4	3	1	2	2	1	2	16	17	2	0	0	2	0	0	1	0	0	1	1
7	4	0	2	6	8	0	7	16	17	2	0	0	1	0	0	1	9	2	7	8
7	4	0	2	6	1	0	2	16	17	2	0	1	1	1	0	0	0	0	0	4
0	4	1	2	3	2	3	4	16	17	2	0	0	3	0	0	1	4	2	2	8
0	4	4	2	5	4	5	3	16	17	2	0	0	2	0	1	1	7	6	5	2
0	4	4	2	2	2	1	2	16	17	2	0	0	2	0	0	1	0	0	1	3
5	4	4	2	0	0	0	0	16	17	2	0	0	0	0	0	0	0	0	0	8
2	5	1	2	8	4	6	3	17	18	4	0	0	1	1	0	3	2	2	2	5
5	5	4	2	1	1	3	2	17	18	4	0	0	2	1	0	1	6	0	3	32
2	5	4	2	5	1	0	4	17	18	4	0	0	0	0	0	1	5	3	4	2
7	5	0	2	6	1	0	2	17	18	4	0	1	1	1	0	0	0	0	0	1
2	5	0	2	5	1	0	4	17	18	4	0	0	0	0	0	1	5	3	4	4
0	5	4	2	0	0	0	0	17	18	4	0	0	0	0	0	0	0	0	0	8
8	5	1	2	0	5	3	5	17	18	4	0	0	1	0	0	0	7	0	4	8
0	5	4	2	6	8	0	7	17	18	4	0	0	1	0	0	1	9	2	7	8
0	5	4	2	1	1	1	1	17	18	4	0	0	1	0	0	1	1	1	1	4
0	5	1	2	2	2	1	2	17	18	4	0	0	2	0	0	1	0	0	1	1
0	5	3	2	2	2	1	2	17	18	4	0	0	2	0	0	1	0	0	1	1
0	6	0	2	1	1	3	2	18	19	3	0	0	2	1	0	1	6	0	3	2
0	6	1	2	2	2	1	2	18	19	3	0	0	2	0	0	1	0	0	1	3
3	6	1	2	8	4	6	3	18	19	3	0	0	1	1	0	3	2	2	2	1
4	6	3	2	0	0	0	0	18	19	3	0	0	0	0	0	0	0	0	0	3
0	6	3	2	3	2	3	4	18	19	3	0	0	3	0	0	1	4	2	2	3
2	6	3	2	2	2	1	2	18	19	3	0	0	2	0	0	1	0	0	1	3
0	6	4	2	2	2	1	2	18	19	3	0	0	2	0	0	1	0	0	1	2
0	6	1	2	2	2	1	2	18	19	3	0	0	2	0	0	1	0	0	1	3
6	6	2	2	2	2	1	2	18	19	3	0	0	2	0	0	1	0	0	1	8
0	6	2	2	6	4	4	5	18	19	3	0	0	2	0	0	1	2	0	2	8
0	6	3	2	2	2	1	2	18	19	3	0	0	2	0	0	1	0	0	1	3
4	6	4	2	2	5	0	0	18	19	3	0	0	0	1	0	3	2	2	4	8
0	6	4	2	2	2	1	2	18	19	3	0	0	2	0	0	1	0	0	1	3
2	6	0	2	6	4	4	5	18	19	3	0	0	2	0	0	1	2	0	2	2
2	6	0	2	0	5	3	5	18	19	3	0	0	1	0	0	0	7	0	4	2
6	6	1	2	5	4	5	3	18	19	3	0	0	2	0	1	1	7	6	5	16
0	6	1	2	2	2	1	2	18	19	3	0	0	2	0	0	1	0	0	1	3
0	6	3	2	2	2	1	2	18	19	3	0	0	2	0	0	1	0	0	1	3
6	6	3	2	6	4	4	5	18	19	3	0	0	2	0	0	1	2	0	2	24
0	6	1	2	2	2	1	2	18	19	3	0	0	2	0	0	1	0	0	1	3
0	6	3	2	2	2	1	2	18	19	3	0	0	2	0	0	1	0	0	1	3
5	7	0	2	1	1	3	2	19	20	0	0	0	2	1	0	1	6	0	3	8
5	7	1	2	6	4	4	5	19	20	0	0	0	2	0	0	1	2	0	2	16
0	7	3	2	6	4	4	5	19	20	0	0	0	2	0	0	1	2	0	2	2
0	7	3	2	3	2	3	4	19	20	0	0	0	3	0	0	1	4	2	2	4
0	7	4	2	2	2	1	2	19	20	0	0	0	2	0	0	1	0	0	1	2
4	7	4	2	6	1	0	2	19	20	0	0	1	1	1	0	0	0	0	0	8
4	7	0	2	2	8	4	5	19	20	0	0	2	0	1	1	1	4	0	5	8
4	7	0	2	9	2	3	4	19	20	0	0	0	0	1	1	2	4	7	5	8
0	7	4	2	2	2	1	2	19	20	0	0	0	2	0	0	1	0	0	1	16
4	7	1	2	4	2	2	3	19	20	0	0	0	1	0	0	2	3	0	3	8
1	7	1	2	9	6	3	0	19	20	0	1	0	4	0	0	1	2	2	4	0
4	7	2	2	6	1	0	2	19	20	0	0	1	1	1	0	0	0	0	0	8
2	7	3	3	1	1	1	1	19	20	0	0	0	1	0	0	1	1	1	1	2
7	7	0	3	1	1	1	1	19	20	0	0	0	1	0	0	1	1	1	1	3
7	7	1	3	1	1	1	1	19	20	0	0	0	1	0	0	1	1	1	1	8
1	7	2	3	6	1	0	2	19	20	0	1	1	1	1	0	0	0	0	0	0
1	7	2	3	6	4	4	5	19	20	0	1	0	2	0	0	1	2	0	2	0
1	7	2	3	1	1	1	1	19	20	0	1	0	1	0	0	1	1	1	1	0
0	7	3	3	2	2	1	2	19	20	0	0	0	2	0	0	1	0	0	1	8
4	7	3	3	0	0	0	0	19	20	0	0	0	0	0	0	0	0	0	0	8
5	7	4	3	3	2	3	4	19	20	0	0	0	3	0	0	1	4	2	2	8
0	7	0	3	6	4	4	5	19	20	0	0	0	2	0	0	1	2	0	2	2
0	8	1	3	2	2	1	2	0	21	0	0	0	2	0	0	1	0	0	1	4
0	8	3	3	3	2	3	4	0	21	0	0	0	3	0	0	1	4	2	2	3
0	8	3	3	7	6	5	3	0	21	0	0	2	2	1	0	1	6	5	4	4
4	8	4	3	9	6	3	0	0	21	0	0	0	4	0	0	1	2	2	4	4
0	8	4	3	6	4	0	6	0	21	0	0	0	0	1	0	0	6	4	1	4
2	8	1	3	7	6	5	3	0	21	0	0	2	2	1	0	1	6	5	4	8
0	8	1	3	2	2	1	2	0	21	0	0	0	2	0	0	1	0	0	1	8
2	8	4	3	1	1	1	1	0	21	0	0	0	1	0	0	1	1	1	1	1
7	8	1	3	1	1	1	1	0	21	0	0	0	1	0	0	1	1	1	1	120
0	8	3	3	0	4	0	7	0	21	0	0	0	0	0	1	0	3	7	4	8
0	8	3	3	3	2	3	4	0	21	0	0	0	3	0	0	1	4	2	2	4
0	8	4	3	2	2	1	2	0	21	0	0	0	2	0	0	1	0	0	1	4
6	8	1	3	1	1	3	2	0	21	0	0	0	2	1	0	1	6	0	3	2
7	9	4	3	6	8	0	7	20	22	4	0	0	1	0	0	1	9	2	7	16
2	9	1	3	6	4	0	6	20	22	4	0	0	0	1	0	0	6	4	1	2
6	9	4	3	9	6	3	0	20	22	4	0	0	4	0	0	1	2	2	4	8
2	9	1	3	2	4	6	3	20	22	4	0	1	2	1	0	1	8	0	8	3
0	9	1	3	2	2	1	2	20	22	4	0	0	2	0	0	1	0	0	1	4
2	9	2	3	4	2	2	3	20	22	4	0	0	1	0	0	2	3	0	3	1
0	9	3	3	3	2	3	4	20	22	4	0	0	3	0	0	1	4	2	2	3
6	9	4	3	2	8	4	5	20	22	4	0	2	0	1	1	1	4	0	5	2
3	9	4	3	2	8	4	5	20	22	4	0	2	0	1	1	1	4	0	5	3
5	9	1	3	6	1	4	8	20	22	4	0	0	0	1	0	0	4	0	5	8
2	9	1	3	8	4	6	3	20	22	4	0	0	1	1	0	3	2	2	2	3
7	9	3	3	7	6	5	3	20	22	4	0	2	2	1	0	1	6	5	4	8
2	9	4	3	2	4	6	3	20	22	4	0	1	2	1	0	1	8	0	8	2
0	9	4	3	1	1	3	2	20	22	4	0	0	2	1	0	1	6	0	3	1
1	9	4	3	6	1	0	2	20	22	4	0	1	1	1	0	0	0	0	0	8
2	9	1	3	2	4	6	3	20	22	4	0	1	2	1	0	1	8	0	8	3
2	9	4	3	1	1	3	2	3	23	3	0	0	2	1	0	1	6	0	3	3
0	9	4	3	2	2	1	2	3	23	3	0	0	2	0	0	1	0	0	1	3
0	9	0	3	1	1	3	2	3	23	3	0	0	2	1	0	1	6	0	3	2
2	9	2	3	8	4	6	3	3	23	3	0	0	1	1	0	3	2	2	2	4
0	9	3	3	3	2	3	4	3	23	3	0	0	3	0	0	1	4	2	2	4
1	9	3	3	2	2	1	2	3	23	3	1	0	2	0	0	1	0	0	1	0
7	9	4	3	0	5	3	5	3	23	3	0	0	1	0	0	0	7	0	4	40
0	9	4	3	2	2	1	2	3	23	3	0	0	2	0	0	1	0	0	1	24
0	9	0	3	6	4	4	5	3	23	3	0	0	2	0	0	1	2	0	2	3
0	9	4	3	2	2	1	2	3	23	3	0	0	2	0	0	1	0	0	1	4
0	9	0	3	6	8	0	7	3	23	3	0	0	1	0	0	1	9	2	7	8
0	9	4	0	2	2	1	2	3	23	3	0	0	2	0	0	1	0	0	1	2
2	9	1	0	8	4	6	3	3	23	3	0	0	1	1	0	3	2	2	2	2
2	9	1	0	1	1	1	1	3	23	3	0	0	1	0	0	1	1	1	1	2
8	9	1	0	2	2	1	2	3	23	3	0	0	2	0	0	1	0	0	1	8
4	9	1	0	2	4	6	3	3	23	3	0	1	2	1	0	1	8	0	8	2
0	9	3	0	6	4	4	5	3	23	3	0	0	2	0	0	1	2	0	2	2
6	9	0	0	7	6	5	3	3	23	3	0	2	2	1	0	1	6	5	4	1
7	9	0	0	6	1	0	2	3	23	3	0	1	1	1	0	0	0	0	0	8
2	0	2	0	2	4	6	3	21	24	1	0	1	2	1	0	1	8	0	8	2
2	0	2	0	8	4	6	3	21	24	1	0	0	1	1	0	3	2	2	2	4
7	0	3	0	3	2	3	4	21	24	1	0	0	3	0	0	1	4	2	2	8
3	0	4	0	3	1	6	0	21	24	1	0	2	2	1	0	1	3	1	4	8
2	0	3	0	7	6	5	3	21	24	1	0	2	2	1	0	1	6	5	4	8
0	0	3	0	1	1	3	2	21	24	1	0	0	2	1	0	1	6	0	3	8
0	0	4	0	3	2	3	4	21	24	1	0	0	3	0	0	1	4	2	2	4
0	0	0	0	1	1	3	2	21	24	1	0	0	2	1	0	1	6	0	3	8
9	0	4	0	0	4	0	7	21	24	1	0	0	0	0	1	0	3	7	4	8
2	0	4	0	6	5	3	6	21	24	1	0	0	1	1	1	4	0	4	6	1
0	0	0	0	6	4	4	5	21	24	1	0	0	2	0	0	1	2	0	2	2
6	0	0	0	8	4	6	3	21	24	1	0	0	1	1	0	3	2	2	2	112
0	0	0	0	2	2	1	2	21	24	1	0	0	2	0	0	1	0	0	1	1
2	0	3	0	1	1	1	1	21	24	1	0	0	1	0	0	1	1	1	1	1
4	0	3	0	4	2	2	3	21	24	1	0	0	1	0	0	2	3	0	3	8
4	0	4	0	0	0	0	0	21	24	1	0	0	0	0	0	0	0	0	0	8
0	0	4	0	6	8	0	7	21	24	1	0	0	1	0	0	1	9	2	7	8
0	0	0	0	6	4	4	5	21	24	1	0	0	2	0	0	1	2	0	2	2
0	0	2	0	0	5	3	5	21	24	1	0	0	1	0	0	0	7	0	4	1
2	0	2	0	3	3	0	2	21	24	1	0	0	0	0	1	1	2	2	2	2
2	1	2	0	2	2	1	2	22	25	2	0	0	2	0	0	1	0	0	1	4
2	1	4	0	2	8	4	5	22	25	2	0	2	0	1	1	1	4	0	5	1
0	1	0	0	6	4	4	5	22	25	2	0	0	2	0	0	1	2	0	2	4
0	1	0	0	1	1	3	2	22	25	2	0	0	2	1	0	1	6	0	3	4
0	1	0	0	0	0	0	0	22	25	2	0	0	0	0	0	0	0	0	0	8
0	1	0	0	6	8	0	7	22	25	2	0	0	1	0	0	1	9	2	7	8
0	1	2	0	0	5	3	5	22	25	2	0	0	1	0	0	0	7	0	4	4
2	1	4	0	2	2	1	2	22	25	2	0	0	2	0	0	1	0	0	1	4
2	1	0	0	2	8	4	5	22	25	2	0	2	0	1	1	1	4	0	5	8
2	1	2	0	7	6	5	3	22	25	2	0	2	2	1	0	1	6	5	4	16
2	1	0	0	6	1	0	2	22	25	2	0	1	1	1	0	0	0	0	0	4
0	1	0	0	6	4	4	5	22	25	2	0	0	2	0	0	1	2	0	2	1
0	1	0	0	1	1	3	2	22	25	2	0	0	2	1	0	1	6	0	3	5
0	1	2	0	0	5	3	5	22	25	2	0	0	1	0	0	0	7	0	4	2
0	1	4	0	3	2	3	4	22	25	2	0	0	3	0	0	1	4	2	2	3
0	2	0	0	6	4	4	5	5	26	6	0	0	2	0	0	1	2	0	2	1
0	2	0	0	6	4	4	5	5	26	6	0	0	2	0	0	1	2	0	2	1
0	2	0	0	1	1	3	2	5	26	6	0	0	2	1	0	1	6	0	3	3
2	2	0	0	5	1	0	4	5	26	6	0	0	0	0	0	1	5	3	4	2
0	2	2	0	0	5	3	5	5	26	6	0	0	1	0	0	0	7	0	4	2
2	2	3	0	2	4	6	3	5	26	6	0	1	2	1	0	1	8	0	8	8
2	2	3	0	6	4	0	6	5	26	6	0	0	0	1	0	0	6	4	1	1
2	2	4	0	2	2	1	2	5	26	6	0	0	2	0	0	1	0	0	1	4
2	2	1	0	8	4	6	3	5	26	6	0	0	1	1	0	3	2	2	2	1
2	2	4	0	2	4	6	3	5	26	6	0	1	2	1	0	1	8	0	8	2
2	2	0	1	9	6	3	0	5	26	6	0	0	4	0	0	1	2	2	4	8
4	2	0	1	4	2	2	3	5	26	6	0	0	1	0	0	2	3	0	3	8
8	3	2	1	0	2	7	1	15	27	1	0	0	2	1	0	3	9	0	9	1
6	3	2	1	6	6	6	0	15	27	1	0	1	2	1	0	1	7	1	4	3
0	3	3	1	6	4	4	5	15	27	1	0	0	2	0	0	1	2	0	2	8
7	3	1	1	0	2	7	1	15	27	1	0	0	2	1	0	3	9	0	9	3
0	3	1	1	0	5	3	5	15	27	1	0	0	1	0	0	0	7	0	4	2
2	3	0	1	1	1	3	2	15	27	1	0	0	2	1	0	1	6	0	3	2
2	3	2	1	0	2	7	1	15	27	1	0	0	2	1	0	3	9	0	9	2
2	3	3	1	0	5	3	5	15	27	1	0	0	1	0	0	0	7	0	4	1
2	3	0	1	8	4	6	3	15	27	1	0	0	1	1	0	3	2	2	2	2
2	3	0	1	9	6	3	0	15	27	1	0	0	4	0	0	1	2	2	4	8
2	3	0	1	9	6	3	0	15	27	1	0	0	4	0	0	1	2	2	4	3
2	3	0	1	8	4	6	3	15	27	1	0	0	1	1	0	3	2	2	2	4
0	3	0	1	9	6	3	0	15	27	1	0	0	4	0	0	1	2	2	4	8
0	3	1	1	2	2	1	2	15	27	1	0	0	2	0	0	1	0	0	1	3
1	3	1	1	6	1	4	8	15	27	1	0	0	0	1	0	0	4	0	5	1
2	3	1	1	0	5	3	5	15	27	1	0	0	1	0	0	0	7	0	4	1
6	3	2	1	9	6	3	0	15	27	1	0	0	4	0	0	1	2	2	4	8
7	3	2	1	8	4	6	3	15	27	1	0	0	1	1	0	3	2	2	2	1
6	3	3	1	9	6	3	0	15	27	1	0	0	4	0	0	1	2	2	4	8
6	3	3	1	8	4	6	3	15	27	1	0	0	1	1	0	3	2	2	2	3
2	3	4	1	2	5	0	0	15	27	1	0	0	0	1	0	3	2	2	4	8
3	3	4	1	6	6	6	0	15	27	1	0	1	2	1	0	1	7	1	4	8
6	3	4	1	6	4	0	6	15	27	1	0	0	0	1	0	0	6	4	1	8
1	3	4	1	8	4	6	3	15	27	1	1	0	1	1	0	3	2	2	2	0
7	3	0	1	8	4	6	3	15	27	1	0	0	1	1	0	3	2	2	2	3
4	4	0	1	2	2	1	2	23	28	2	0	0	2	0	0	1	0	0	1	1
0	4	1	1	1	1	3	2	23	28	2	0	0	2	1	0	1	6	0	3	3
1	4	1	1	7	6	5	3	23	28	2	0	2	2	1	0	1	6	5	4	24
0	4	3	1	2	2	1	2	23	28	2	0	0	2	0	0	1	0	0	1	1
6	4	0	1	1	1	3	2	23	28	2	0	0	2	1	0	1	6	0	3	8
2	4	1	1	0	0	0	0	23	28	2	0	0	0	0	0	0	0	0	0	8
1	4	3	1	6	6	6	0	23	28	2	0	1	2	1	0	1	7	1	4	8
2	4	3	1	8	4	6	3	23	28	2	0	0	1	1	0	3	2	2	2	4
4	4	0	1	4	2	2	3	23	28	2	0	0	1	0	0	2	3	0	3	8
0	4	1	1	0	5	3	5	23	28	2	0	0	1	0	0	0	7	0	4	2
7	4	2	1	1	1	3	2	23	28	2	0	0	2	1	0	1	6	0	3	2
7	4	2	1	8	4	6	3	23	28	2	0	0	1	1	0	3	2	2	2	3
0	4	4	1	2	2	1	2	23	28	2	0	0	2	0	0	1	0	0	1	1
2	4	4	1	1	1	3	2	23	28	2	0	0	2	1	0	1	6	0	3	8
3	4	0	1	1	1	3	2	23	28	2	0	0	2	1	0	1	6	0	3	8
2	4	0	1	8	4	6	3	23	28	2	0	0	1	1	0	3	2	2	2	2
1	4	0	1	0	5	3	5	23	28	2	1	0	1	0	0	0	7	0	4	0
1	4	1	1	0	0	0	0	23	28	2	1	0	0	0	0	0	0	0	0	0
7	4	2	1	6	4	0	6	23	28	2	0	0	0	1	0	0	6	4	1	4
1	4	2	1	6	8	0	7	23	28	2	1	0	1	0	0	1	9	2	7	0
2	4	3	1	8	4	6	3	23	28	2	0	0	1	1	0	3	2	2	2	2
0	4	3	1	9	6	3	0	23	28	2	0	0	4	0	0	1	2	2	4	8
0	4	4	1	4	2	2	3	23	28	2	0	0	1	0	0	2	3	0	3	2
7	4	0	1	2	2	1	2	24	29	0	0	0	2	0	0	1	0	0	1	32
0	4	1	1	0	5	3	5	24	29	0	0	0	1	0	0	0	7	0	4	1
2	4	1	1	8	4	6	3	24	29	0	0	0	1	1	0	3	2	2	2	3
7	4	3	1	2	4	6	3	24	29	0	0	1	2	1	0	1	8	0	8	1
2	4	3	1	8	4	6	3	24	29	0	0	0	1	1	0	3	2	2	2	3
2	4	1	1	8	4	6	3	24	29	0	0	0	1	1	0	3	2	2	2	3
7	4	2	1	4	2	2	3	24	29	0	0	0	1	0	0	2	3	0	3	4
5	4	3	1	2	8	4	5	24	29	0	0	2	0	1	1	1	4	0	5	2
0	4	3	1	6	8	0	7	24	29	0	0	0	1	0	0	1	9	2	7	8
5	4	4	1	6	2	2	0	24	29	0	0	2	1	0	0	5	2	1	5	8
7	4	0	1	2	4	6	3	24	29	0	0	1	2	1	0	1	8	0	8	16
2	4	0	1	8	4	6	3	24	29	0	0	0	1	1	0	3	2	2	2	2
2	4	2	1	8	4	6	3	24	29	0	0	0	1	1	0	3	2	2	2	3
2	4	4	1	8	4	6	3	24	29	0	0	0	1	1	0	3	2	2	2	2
5	4	0	2	5	1	0	4	24	29	0	0	0	0	0	0	1	5	3	4	80
7	5	4	2	2	4	6	3	25	30	3	0	1	2	1	0	1	8	0	8	24
7	5	2	2	2	4	6	3	25	30	3	0	1	2	1	0	1	8	0	8	16
2	5	2	2	2	8	4	5	25	30	3	0	2	0	1	1	1	4	0	5	2
2	5	3	2	2	8	4	5	25	30	3	0	2	0	1	1	1	4	0	5	2
7	5	4	2	2	4	6	3	25	30	3	0	1	2	1	0	1	8	0	8	3
2	5	1	2	2	8	4	5	25	30	3	0	2	0	1	1	1	4	0	5	2
6	5	2	2	0	2	7	1	25	30	3	0	0	2	1	0	3	9	0	9	8
5	5	3	2	2	8	4	5	25	30	3	0	2	0	1	1	1	4	0	5	3
0	5	4	2	2	4	6	3	25	30	3	0	1	2	1	0	1	8	0	8	2
5	5	0	2	5	1	0	4	25	30	3	0	0	0	0	0	1	5	3	4	8
0	5	1	2	2	4	6	3	25	30	3	0	1	2	1	0	1	8	0	8	2
0	5	1	2	2	2	1	2	25	30	3	0	0	2	0	0	1	0	0	1	3
7	5	1	2	0	0	0	0	25	30	3	0	0	0	0	0	0	0	0	0	8
0	5	2	2	2	2	1	2	25	30	3	0	0	2	0	0	1	0	0	1	3
0	5	3	2	2	2	1	2	25	30	3	0	0	2	0	0	1	0	0	1	2
7	6	0	2	2	2	1	2	26	31	0	0	0	2	0	0	1	0	0	1	8
2	6	0	2	8	4	6	3	26	31	0	0	0	1	1	0	3	2	2	2	3
1	6	1	2	6	4	0	6	26	31	0	0	0	0	1	0	0	6	4	1	8
0	6	1	2	2	2	1	2	26	31	0	0	0	2	0	0	1	0	0	1	2
0	6	2	2	8	4	6	3	26	31	0	0	0	1	1	0	3	2	2	2	3
0	6	2	2	2	2	1	2	26	31	0	0	0	2	0	0	1	0	0	1	2
0	6	2	2	2	4	6	3	26	31	0	0	1	2	1	0	1	8	0	8	2
0	6	3	2	8	6	0	5	26	31	0	0	3	0	0	0	3	5	5	3	2
0	6	3	2	2	2	1	2	26	31	0	0	0	2	0	0	1	0	0	1	2
5	6	4	2	6	2	2	0	26	31	0	0	2	1	0	0	5	2	1	5	2
0	6	4	2	2	2	1	2	26	31	0	0	0	2	0	0	1	0	0	1	2
3	6	0	2	8	4	6	3	26	31	0	0	0	1	1	0	3	2	2	2	8
0	6	1	2	2	2	1	2	26	31	0	0	0	2	0	0	1	0	0	1	3
0	6	2	2	2	2	1	2	26	31	0	0	0	2	0	0	1	0	0	1	3
2	6	2	2	8	4	6	3	26	31	0	0	0	1	1	0	3	2	2	2	3
7	6	2	2	2	4	6	3	26	31	0	0	1	2	1	0	1	8	0	8	2
2	6	3	2	2	8	4	5	26	31	0	0	2	0	1	1	1	4	0	5	2
0	6	3	2	2	2	1	2	26	31	0	0	0	2	0	0	1	0	0	1	3
7	6	1	2	6	2	2	0	26	31	0	0	2	1	0	0	5	2	1	5	3
0	6	1	2	2	4	6	3	26	31	0	0	1	2	1	0	1	8	0	8	2
0	6	1	2	2	2	1	2	26	31	0	0	0	2	0	0	1	0	0	1	2
7	6	2	2	2	2	1	2	26	31	0	0	0	2	0	0	1	0	0	1	8
0	6	3	2	2	2	1	2	26	31	0	0	0	2	0	0	1	0	0	1	2
2	6	4	2	5	1	0	4	26	31	0	0	0	0	0	0	1	5	3	4	5
2	6	4	2	6	6	6	0	26	31	0	0	1	2	1	0	1	7	1	4	3
0	6	4	2	2	2	1	2	26	31	0	0	0	2	0	0	1	0	0	1	2
3	6	4	2	8	4	6	3	26	31	0	0	0	1	1	0	3	2	2	2	2
0	6	0	2	2	2	1	2	26	31	0	0	0	2	0	0	1	0	0	1	2
2	6	0	2	6	4	0	6	26	31	0	0	0	0	1	0	0	6	4	1	2
2	6	0	2	8	4	6	3	26	31	0	0	0	1	1	0	3	2	2	2	2
0	6	1	2	2	2	1	2	26	31	0	0	0	2	0	0	1	0	0	1	2
0	6	2	2	2	2	1	2	26	31	0	0	0	2	0	0	1	0	0	1	2
2	6	3	2	6	6	6	0	26	31	0	0	1	2	1	0	1	7	1	4	2
0	7	4	2	2	2	1	2	27	32	4	0	0	2	0	0	1	0	0	1	2
2	7	4	2	6	4	0	6	27	32	4	0	0	0	1	0	0	6	4	1	2
2	7	0	2	6	1	4	8	27	32	4	0	0	0	1	0	0	4	0	5	3
2	7	0	2	6	4	0	6	27	32	4	0	0	0	1	0	0	6	4	1	3
7	7	0	2	6	1	4	8	27	32	4	0	0	0	1	0	0	4	0	5	112
0	7	1	2	2	2	1	2	27	32	4	0	0	2	0	0	1	0	0	1	2
0	7	2	2	8	4	6	3	27	32	4	0	0	1	1	0	3	2	2	2	2
0	7	2	2	2	2	1	2	27	32	4	0	0	2	0	0	1	0	0	1	3
2	7	2	2	8	4	6	3	27	32	4	0	0	1	1	0	3	2	2	2	2
0	7	3	2	2	4	6	3	27	32	4	0	1	2	1	0	1	8	0	8	3
2	7	4	2	6	6	6	0	27	32	4	0	1	2	1	0	1	7	1	4	3
5	7	4	2	4	2	2	3	27	32	4	0	0	1	0	0	2	3	0	3	8
7	7	0	2	2	2	1	2	27	32	4	0	0	2	0	0	1	0	0	1	8
0	7	1	2	2	2	1	2	27	32	4	0	0	2	0	0	1	0	0	1	2
0	7	2	2	2	2	1	2	27	32	4	0	0	2	0	0	1	0	0	1	3
0	7	3	2	2	4	6	3	27	32	4	0	1	2	1	0	1	8	0	8	2
6	7	4	2	2	2	1	2	27	32	4	0	0	2	0	0	1	0	0	1	4
7	7	4	2	6	4	0	6	27	32	4	0	0	0	1	0	0	6	4	1	2
0	7	4	2	2	2	1	2	27	32	4	0	0	2	0	0	1	0	0	1	3
3	7	4	2	8	4	6	3	27	32	4	0	0	1	1	0	3	2	2	2	8
0	7	0	2	2	2	1	2	27	32	4	0	0	2	0	0	1	0	0	1	2
2	7	1	2	0	0	0	0	27	32	4	0	0	0	0	0	0	0	0	0	8
2	7	1	2	6	1	4	8	27	32	4	0	0	0	1	0	0	4	0	5	2
0	7	1	2	2	2	1	2	27	32	4	0	0	2	0	0	1	0	0	1	2
2	7	2	2	6	4	0	6	27	32	4	0	0	0	1	0	0	6	4	1	3
0	7	2	2	2	2	1	2	27	32	4	0	0	2	0	0	1	0	0	1	3
2	7	3	2	2	4	6	3	27	32	4	0	1	2	1	0	1	8	0	8	2
0	7	3	2	2	2	1	2	27	32	4	0	0	2	0	0	1	0	0	1	3
0	7	0	3	2	2	1	2	27	32	4	0	0	2	0	0	1	0	0	1	3
2	7	1	3	1	6	8	6	27	32	4	0	0	0	0	1	1	7	7	4	8
7	7	1	3	5	1	0	4	27	32	4	0	0	0	0	0	1	5	3	4	24
0	7	1	3	2	2	1	2	27	32	4	0	0	2	0	0	1	0	0	1	3
0	7	2	3	2	2	1	2	27	32	4	0	0	2	0	0	1	0	0	1	3
7	7	4	3	2	4	6	3	27	32	4	0	1	2	1	0	1	8	0	8	2
5	7	4	3	0	0	0	0	27	32	4	0	0	0	0	0	0	0	0	0	104
4	7	1	3	9	6	3	0	27	32	4	0	0	4	0	0	1	2	2	4	8
7	8	4	3	8	4	6	3	20	33	1	0	0	1	1	0	3	2	2	2	8
6	8	4	3	1	1	3	2	20	33	1	0	0	2	1	0	1	6	0	3	8
5	8	0	3	4	2	2	3	20	33	1	0	0	1	0	0	2	3	0	3	8
5	8	1	3	6	4	0	6	20	33	1	0	0	0	1	0	0	6	4	1	8
7	8	2	3	2	5	0	0	20	33	1	0	0	0	1	0	3	2	2	4	8
0	8	3	3	2	4	6	3	20	33	1	0	1	2	1	0	1	8	0	8	2
3	8	4	3	9	6	3	0	20	33	1	0	0	4	0	0	1	2	2	4	24
9	8	0	3	2	8	4	5	20	33	1	0	2	0	1	1	1	4	0	5	2
2	8	0	3	1	1	1	1	20	33	1	0	0	1	0	0	1	1	1	1	3
2	8	0	3	4	2	2	3	20	33	1	0	0	1	0	0	2	3	0	3	2
6	8	1	3	1	1	3	2	20	33	1	0	0	2	1	0	1	6	0	3	2
4	8	3	3	6	1	0	2	20	33	1	0	1	1	1	0	0	0	0	0	8
0	8	3	3	2	4	6	3	20	33	1	0	1	2	1	0	1	8	0	8	2
5	8	4	3	8	4	6	3	20	33	1	0	0	1	1	0	3	2	2	2	8
9	8	0	3	6	6	6	0	20	33	1	0	1	2	1	0	1	7	1	4	3
0	8	3	3	2	4	6	3	20	33	1	0	1	2	1	0	1	8	0	8	2
0	8	0	3	5	1	0	4	20	33	1	0	0	0	0	0	1	5	3	4	4
5	8	2	3	8	4	6	3	20	33	1	0	0	1	1	0	3	2	2	2	8
7	8	2	3	1	1	1	1	20	33	1	0	0	1	0	0	1	1	1	1	2
0	8	3	3	2	4	6	3	20	33	1	0	1	2	1	0	1	8	0	8	2
4	9	4	3	6	1	0	2	28	34	4	0	1	1	1	0	0	0	0	0	8
5	9	1	3	8	6	0	5	28	34	4	0	3	0	0	0	3	5	5	3	3
0	9	1	3	6	6	6	0	28	34	4	0	1	2	1	0	1	7	1	4	2
3	9	1	3	1	1	3	2	28	34	4	0	0	2	1	0	1	6	0	3	3
0	9	1	3	6	8	0	7	28	34	4	0	0	1	0	0	1	9	2	7	8
7	9	2	3	2	4	6	3	28	34	4	0	1	2	1	0	1	8	0	8	1
0	9	2	3	0	5	3	5	28	34	4	0	0	1	0	0	0	7	0	4	2
7	9	2	3	8	6	0	5	28	34	4	0	3	0	0	0	3	5	5	3	8
5	9	3	3	0	4	0	7	28	34	4	0	0	0	0	1	0	3	7	4	64
4	9	3	3	8	6	0	5	28	34	4	0	3	0	0	0	3	5	5	3	8
0	9	3	3	2	4	6	3	28	34	4	0	1	2	1	0	1	8	0	8	2
2	9	4	3	1	1	1	1	28	34	4	0	0	1	0	0	1	1	1	1	2
8	9	0	3	1	1	1	1	28	34	4	0	0	1	0	0	1	1	1	1	3
0	9	0	3	1	1	3	2	28	34	4	0	0	2	1	0	1	6	0	3	1
1	9	0	3	1	1	1	1	28	34	4	1	0	1	0	0	1	1	1	1	0
0	9	1	3	2	4	6	3	28	34	4	0	1	2	1	0	1	8	0	8	2
1	9	1	3	9	2	3	4	28	34	4	1	0	0	1	1	2	4	7	5	0
9	9	3	3	2	8	4	5	28	34	4	0	2	0	1	1	1	4	0	5	1
6	9	4	3	5	1	0	4	28	34	4	0	0	0	0	0	1	5	3	4	48
6	9	4	3	6	6	6	0	28	34	4	0	1	2	1	0	1	7	1	4	8
4	9	1	3	0	5	3	5	28	34	4	0	0	1	0	0	0	7	0	4	8
6	9	1	3	2	8	4	5	28	34	4	0	2	0	1	1	1	4	0	5	8
3	9	1	3	8	4	6	3	28	34	4	0	0	1	1	0	3	2	2	2	3
6	9	2	3	7	6	5	3	28	34	4	0	2	2	1	0	1	6	5	4	8
2	9	2	3	6	6	6	0	28	34	4	0	1	2	1	0	1	7	1	4	2
0	9	2	3	0	5	3	5	28	34	4	0	0	1	0	0	0	7	0	4	2
0	9	3	3	2	4	6	3	28	34	4	0	1	2	1	0	1	8	0	8	2
3	9	4	3	4	2	2	3	28	34	4	0	0	1	0	0	2	3	0	3	8
2	9	1	3	5	1	0	4	28	34	4	0	0	0	0	0	1	5	3	4	2
2	9	3	3	2	8	4	5	28	34	4	0	2	0	1	1	1	4	0	5	8
6	9	3	3	5	1	0	4	28	34	4	0	0	0	0	0	1	5	3	4	8
6	9	4	3	8	4	6	3	28	34	4	0	0	1	1	0	3	2	2	2	1
3	9	1	3	1	6	8	6	12	35	3	0	0	0	0	1	1	7	7	4	8
0	9	1	3	2	4	6	3	12	35	3	0	1	2	1	0	1	8	0	8	3
0	9	3	3	1	1	3	2	12	35	3	0	0	2	1	0	1	6	0	3	8
6	9	1	3	1	1	3	2	12	35	3	0	0	2	1	0	1	6	0	3	8
4	9	2	3	9	2	3	4	12	35	3	0	0	0	1	1	2	4	7	5	8
5	9	2	3	1	1	1	1	12	35	3	0	0	1	0	0	1	1	1	1	24
5	9	3	3	6	2	2	0	12	35	3	0	2	1	0	0	5	2	1	5	8
0	9	3	3	2	4	6	3	12	35	3	0	1	2	1	0	1	8	0	8	2
1	9	4	3	6	5	3	6	12	35	3	1	0	1	1	1	4	0	4	6	0
1	9	4	3	3	1	6	0	12	35	3	1	2	2	1	0	1	3	1	4	0
5	9	2	3	1	1	1	1	12	35	3	0	0	1	0	0	1	1	1	1	3
7	9	2	3	2	4	6	3	12	35	3	0	1	2	1	0	1	8	0	8	2
0	9	2	3	0	5	3	5	12	35	3	0	0	1	0	0	0	7	0	4	2
7	9	4	0	2	4	6	3	12	35	3	0	1	2	1	0	1	8	0	8	3
2	9	4	0	1	1	3	2	12	35	3	0	0	2	1	0	1	6	0	3	3
4	9	2	0	6	2	2	0	12	35	3	0	2	1	0	0	5	2	1	5	8
3	9	3	0	1	1	3	2	12	35	3	0	0	2	1	0	1	6	0	3	2
6	9	1	0	1	1	3	2	12	35	3	0	0	2	1	0	1	6	0	3	3
4	9	1	0	6	2	2	0	12	35	3	0	2	1	0	0	5	2	1	5	3
0	0	1	0	6	8	0	7	26	36	2	0	0	1	0	0	1	9	2	7	4
5	0	3	0	6	2	2	0	26	36	2	0	2	1	0	0	5	2	1	5	2
3	0	4	0	6	1	4	8	26	36	2	0	0	0	1	0	0	4	0	5	8
0	0	4	0	1	1	3	2	26	36	2	0	0	2	1	0	1	6	0	3	4
3	0	0	0	6	1	4	8	26	36	2	0	0	0	1	0	0	4	0	5	120
4	0	0	0	2	5	0	0	26	36	2	0	0	0	1	0	3	2	2	4	16
2	0	1	0	1	1	3	2	26	36	2	0	0	2	1	0	1	6	0	3	2
4	0	1	0	4	2	2	3	26	36	2	0	0	1	0	0	2	3	0	3	8
4	0	1	0	8	4	6	3	26	36	2	0	0	1	1	0	3	2	2	2	8
7	0	4	0	9	6	3	0	26	36	2	0	0	4	0	0	1	2	2	4	80
7	0	0	0	0	0	0	0	26	36	2	0	0	0	0	0	0	0	0	0	8
6	0	0	0	6	1	0	2	26	36	2	0	1	1	1	0	0	0	0	0	4
1	5	0	0	1	1	0	5	29	37	3	0	0	1	0	0	5	1	0	6	0
1	5	1	2	6	0	0	2	29	37	3	0	0	0	0	0	3	1	0	9	0
1	5	3	3	2	9	0	9	29	37	3	0	0	1	1	0	0	3	7	4	0
