0	0	0	0	0	0	0	0	0	0	0	0	0	0	0	0	0	0	0	0
0	1	0	0	0	0	0	0	0	0	0	0	0	0	0	0	0	0	1	1
0	2	1	0	0	0	1	0	0	0	0	0	0	0	0	0	0	0	1	2
0	3	1	0	0	0	0	0	0	0	0	0	0	0	0	0	0	0	0	3
0	1	0	0	0	0	0	0	0	0	1	1	0	0	0	0	0	0	1	4
0	4	2	0	0	0	0	0	0	0	0	0	0	0	0	0	0	0	0	5
0	5	2	0	0	0	0	0	0	0	1	0	0	0	0	0	0	0	1	6
0	3	1	0	1	0	0	0	0	0	1	1	0	0	1	0	1	0	2	7
0	3	1	0	0	0	0	0	0	0	1	0	0	0	0	0	0	0	1	8
0	6	1	0	0	0	0	0	0	0	0	0	0	0	0	0	0	0	1	9
0	3	1	0	0	0	0	0	0	0	0	0	0	0	0	0	0	0	1	10
0	5	2	0	1	0	0	0	0	0	0	0	0	0	0	0	0	0	1	11
0	7	0	0	0	0	0	0	0	0	0	0	0	0	0	0	0	0	0	12
0	1	0	0	0	0	0	0	0	0	0	0	0	0	0	0	0	0	1	13
0	8	1	0	1	0	0	0	0	0	0	0	0	1	0	0	0	1	0	14
0	5	2	0	0	0	0	0	0	0	0	0	0	0	0	0	0	0	1	15
0	7	0	0	0	0	0	0	0	0	0	0	0	0	0	0	0	0	0	16
0	6	0	0	0	0	0	0	0	0	0	0	0	0	0	0	0	0	1	17
0	8	3	0	0	0	0	0	0	0	1	1	1	0	2	0	0	0	2	18
0	2	0	0	1	0	0	0	0	0	1	1	0	0	0	0	0	0	1	19
0	1	0	0	0	0	0	0	0	0	0	0	0	0	0	0	0	0	0	20
0	9	0	0	0	0	1	0	1	0	0	0	0	0	2	0	0	0	0	21
0	1	2	0	1	0	0	0	0	0	1	0	0	0	0	0	0	0	1	22
0	4	1	0	1	0	0	0	0	0	0	0	0	0	0	0	0	0	1	23
0	0	1	0	0	0	0	0	0	0	1	0	0	0	2	0	0	0	2	24
0	3	0	0	0	0	0	0	0	0	1	0	0	0	0	0	0	0	2	25
0	2	2	0	0	0	0	0	0	0	0	0	0	0	2	0	0	0	1	26
0	9	1	0	0	0	0	0	0	0	0	0	0	1	2	0	0	1	0	27
0	0	1	0	0	0	0	0	0	0	0	0	0	0	0	0	0	0	1	28
0	3	1	0	0	0	0	0	1	0	1	1	1	0	1	0	2	0	3	29
0	3	3	0	0	0	0	0	0	0	0	0	0	0	0	1	1	1	2	30
0	1	0	0	0	0	0	0	0	0	0	0	0	0	0	0	0	0	0	31
0	2	1	0	1	1	1	0	0	0	0	0	0	0	0	0	0	1	0	32
0	4	2	0	0	0	0	0	0	0	0	0	0	0	0	0	0	0	1	33
0	6	0	0	0	0	0	0	0	0	1	0	0	0	0	0	1	0	2	34
0	3	3	0	0	0	0	0	0	0	0	0	0	0	0	0	0	0	1	35
0	3	2	0	0	0	0	0	0	0	0	0	0	0	0	0	0	0	1	36
0	4	0	0	0	0	0	0	0	0	0	0	0	0	0	0	0	0	0	37
0	4	1	0	1	0	0	0	0	0	0	0	0	0	0	0	3	0	0	38
0	2	0	0	0	0	0	0	0	0	0	0	0	0	0	0	0	0	1	39
0	6	2	0	1	0	0	0	0	0	1	1	0	0	0	0	1	0	2	40
0	4	2	0	0	0	0	0	0	0	0	0	0	0	0	0	0	0	0	41
0	4	2	0	1	0	0	0	0	0	0	0	0	0	0	0	0	0	1	42
0	1	2	0	2	0	0	0	0	0	0	0	0	0	0	0	0	0	0	43
0	4	2	0	0	0	0	0	0	0	0	0	0	0	0	0	0	0	0	44
0	5	2	0	0	0	0	0	0	0	1	1	0	0	0	0	0	0	1	45
0	6	0	0	1	0	0	0	0	0	0	0	0	0	0	0	1	0	1	46
0	1	2	0	0	0	0	0	0	0	1	1	0	0	0	0	0	0	1	47
1	4	0	0	0	0	0	0	0	0	2	2	2	2	2	2	4	2	2	48
1	5	3	0	0	0	0	0	0	0	2	2	2	3	3	3	4	2	3	49
1	9	0	0	0	0	0	0	0	0	2	2	2	3	2	3	4	2	3	50
1	7	0	0	1	0	0	0	0	0	2	2	3	2	2	3	4	3	3	51
1	9	0	0	0	0	0	0	1	0	2	3	3	2	2	3	4	3	3	52
1	8	0	0	0	0	0	0	0	0	2	2	3	2	3	2	4	3	2	53
1	5	3	0	0	0	0	0	0	0	2	2	2	3	3	2	4	2	2	54
1	1	3	0	0	0	0	0	0	0	2	2	2	3	3	3	4	2	3	55
1	8	0	0	0	0	0	0	0	0	2	2	3	2	3	3	4	3	3	56
1	8	0	0	1	0	0	0	0	0	2	3	3	2	3	3	4	3	2	57
1	2	0	0	0	0	0	0	0	0	2	3	3	2	3	3	4	3	3	58
1	4	0	0	1	0	0	0	1	0	2	2	2	3	3	3	4	2	3	59
1	9	0	0	0	0	0	0	0	0	2	2	3	3	2	3	4	3	3	60
1	2	0	0	0	0	1	0	0	0	2	3	3	2	3	3	5	3	3	61
1	9	0	0	0	0	0	0	0	0	2	2	2	3	3	2	4	2	2	62
1	5	3	0	0	0	0	0	0	0	2	2	2	3	2	3	4	2	3	63
1	8	0	0	0	0	1	0	0	0	2	2	3	2	3	3	4	3	3	64
1	7	0	0	1	0	1	0	1	0	3	3	3	2	0	4	5	3	3	65
1	4	0	0	0	1	1	0	0	0	2	2	3	2	3	2	4	3	2	66
1	8	0	0	0	0	0	0	0	0	2	3	3	2	2	3	4	3	3	67
1	6	3	0	0	0	0	0	2	0	3	3	3	2	2	4	5	3	3	68
1	7	0	0	1	0	0	0	0	0	2	2	3	2	2	3	4	3	3	69
1	1	3	0	0	0	0	0	0	0	2	2	3	2	2	3	4	3	3	70
1	9	0	0	0	0	0	0	0	0	2	2	3	2	2	3	4	3	2	71
1	5	3	0	0	0	0	0	0	0	2	2	2	3	3	2	4	2	2	72
1	2	0	0	0	0	0	0	0	0	2	2	3	2	3	3	4	3	3	73
1	9	0	0	0	0	0	0	0	0	2	2	3	2	3	3	4	3	3	74
1	2	0	0	0	0	0	0	0	0	2	2	2	3	3	3	4	2	3	75
1	2	0	0	0	0	0	0	0	0	2	3	3	2	3	3	5	3	3	76
1	7	0	0	0	0	0	0	0	0	2	3	3	2	2	3	4	3	3	77
1	5	3	0	0	0	0	0	0	0	2	2	2	2	2	3	4	2	2	78
1	4	0	0	1	0	0	0	0	0	2	2	2	3	3	2	4	2	3	79
1	2	0	0	0	0	0	0	1	0	2	3	3	2	2	3	4	3	3	80
1	4	0	0	0	0	1	0	1	0	2	2	3	2	2	3	4	3	3	81
1	2	0	0	0	0	0	0	0	0	2	2	3	2	3	3	4	3	3	82
1	9	0	0	0	0	0	0	0	0	3	3	3	2	2	3	5	3	3	83
1	9	0	0	0	0	0	0	0	0	2	2	3	2	2	3	4	3	3	84
1	8	0	0	0	0	0	0	0	0	2	2	3	2	3	3	4	3	3	85
1	8	0	0	0	0	1	0	0	0	2	3	3	2	3	3	5	3	3	86
1	8	0	0	0	0	1	0	1	0	3	3	3	2	2	3	5	3	3	87
1	2	0	0	0	0	0	0	0	0	2	2	2	3	3	3	4	2	3	88
1	1	3	0	1	0	0	0	0	0	2	2	3	3	2	3	4	3	3	89
1	8	0	0	0	0	0	0	0	0	2	2	3	2	3	3	4	3	3	90
1	0	0	0	0	0	0	0	0	0	2	2	3	2	2	3	4	3	3	91
1	2	0	0	0	1	1	0	1	0	2	2	3	2	2	3	4	3	3	92
1	8	0	0	0	0	0	0	0	0	2	2	3	2	3	3	4	3	3	93
1	8	0	0	0	0	0	0	0	0	2	2	2	3	3	2	4	2	2	94
1	9	0	0	1	0	0	0	0	0	2	2	2	2	2	2	4	2	2	95
1	9	0	0	1	0	1	0	0	0	2	2	2	2	3	2	4	2	2	96
1	7	0	0	0	0	0	0	0	0	2	3	3	2	2	3	4	3	3	97
1	7	0	0	0	0	0	0	1	0	3	3	3	2	2	4	5	3	3	98
1	2	0	0	1	0	0	0	0	0	2	2	3	2	3	3	4	3	3	99
1	7	0	0	1	0	0	0	0	0	2	3	3	2	2	3	4	3	3	100
1	4	0	0	0	0	1	0	1	0	2	2	2	3	3	2	4	2	3	101
1	6	3	0	0	0	0	0	2	0	3	3	3	2	2	3	5	3	3	102
1	7	0	0	1	0	0	0	0	0	2	2	3	2	2	3	4	3	3	103
1	9	0	0	0	0	0	0	1	0	3	3	3	2	2	3	5	3	3	104
1	4	0	0	0	0	0	0	0	0	2	2	2	2	3	2	4	2	2	105
1	8	0	0	0	1	1	0	0	0	2	2	2	3	3	2	4	2	3	106
1	4	0	0	0	2	0	0	1	0	2	2	2	2	3	2	4	2	2	107
1	0	0	0	0	0	0	0	0	0	2	2	3	2	2	3	4	3	3	108
1	8	0	0	0	2	0	0	0	0	2	2	3	2	3	2	4	3	3	109
1	7	0	0	1	0	0	0	0	0	2	3	3	2	2	3	4	3	3	110
1	8	0	0	0	0	0	0	0	0	2	2	2	2	3	2	4	2	2	111
1	2	0	0	0	0	0	0	0	0	2	2	3	2	3	3	4	3	3	112
1	4	0	0	0	0	0	0	0	0	2	2	2	3	3	2	4	2	3	113
1	8	0	0	0	0	0	0	0	0	2	2	3	2	3	3	4	3	3	114
1	7	0	0	0	0	0	0	0	0	2	2	3	3	2	3	4	3	3	115
1	0	0	0	1	0	0	0	0	0	2	2	3	2	2	3	4	3	3	116
1	4	0	0	0	0	0	0	0	0	2	2	2	3	3	2	4	2	2	117
1	9	0	0	1	0	1	0	0	0	2	2	3	2	3	3	4	3	2	118
1	6	3	0	0	0	1	0	1	0	2	3	3	2	2	3	4	3	3	119
1	8	0	0	0	0	1	0	0	0	2	2	3	2	3	3	4	3	3	120
1	4	0	0	0	0	0	0	0	0	2	2	2	3	3	2	4	2	3	121
1	8	0	0	0	0	0	0	0	0	2	3	3	2	3	2	4	3	2	122
1	8	0	0	0	0	0	0	0	0	2	2	2	3	3	2	4	2	2	123
1	0	0	0	1	0	0	0	0	0	2	2	3	2	2	3	4	3	3	124
1	9	0	0	0	0	0	0	0	0	2	2	2	3	3	3	4	2	3	125
1	6	3	0	0	0	0	0	0	0	2	3	3	2	3	3	4	3	2	126
1	9	0	0	0	0	0	0	0	0	2	2	2	2	3	2	4	2	2	127
1	8	0	0	0	0	0	0	0	0	2	2	2	3	3	2	4	2	2	128
1	2	0	0	0	0	0	0	1	0	3	3	3	2	2	3	5	3	3	129
1	1	0	0	0	0	0	0	0	0	2	2	2	3	3	2	4	2	2	130
1	5	3	0	0	0	0	0	0	0	2	2	2	3	3	2	4	2	2	131
1	6	3	0	0	0	0	0	0	0	2	3	3	2	3	3	4	3	3	132
1	4	0	0	0	0	1	0	0	0	2	2	2	3	3	2	4	2	3	133
1	3	3	0	0	0	0	0	2	0	2	3	3	2	2	3	5	3	3	134
1	2	0	0	0	0	0	0	0	0	2	2	2	3	3	3	4	2	3	75
1	2	0	0	0	0	0	0	1	0	3	3	3	2	2	3	5	3	3	135
2	9	4	0	0	0	0	0	0	0	0	0	0	1	2	4	6	1	4	136
2	2	4	0	0	0	0	0	0	0	0	0	0	1	2	4	6	1	4	137
2	2	5	0	0	0	0	0	0	0	0	0	0	1	1	1	7	1	5	138
2	8	5	0	0	0	0	0	0	0	0	0	0	1	1	1	7	1	5	138
2	0	5	0	0	0	0	0	0	0	0	0	0	1	1	1	7	1	5	138
2	9	6	0	0	0	0	0	1	0	0	0	1	1	2	4	6	0	0	139
2	2	6	0	0	0	0	0	0	0	0	0	0	1	0	5	6	1	0	140
2	8	7	0	0	0	0	0	0	0	0	0	0	1	0	5	6	1	0	141
2	7	5	0	0	0	0	0	0	0	0	0	0	1	1	1	7	1	6	142
2	9	7	0	0	0	0	0	0	0	0	0	0	1	0	5	6	1	0	143
2	2	7	0	0	0	0	0	0	0	0	0	0	1	0	5	6	1	4	144
2	7	5	0	0	0	0	0	0	0	0	0	0	1	1	1	7	1	5	138
2	9	8	0	0	0	1	0	0	0	0	0	0	1	0	5	6	1	0	145
2	9	5	0	0	0	0	0	0	0	0	0	0	1	1	1	7	1	0	146
2	2	6	0	0	0	0	0	1	0	0	0	1	1	2	4	6	0	0	147
2	9	7	0	0	0	0	0	0	0	0	0	0	1	0	5	6	1	4	148
2	9	8	0	0	0	0	0	0	0	0	0	0	1	0	5	6	1	0	149
2	9	6	0	0	0	0	0	0	0	0	0	1	1	2	4	6	0	4	150
2	2	5	0	0	0	0	0	0	0	0	0	0	1	1	1	7	1	5	138
2	9	6	0	0	0	1	0	0	0	0	0	1	1	2	4	6	0	0	151
2	8	8	0	0	0	0	0	0	0	0	0	0	1	0	5	6	1	4	152
2	4	8	0	0	0	0	0	0	0	0	0	0	1	1	1	7	1	5	138
2	9	5	0	0	0	0	0	0	0	0	0	0	1	1	1	7	1	6	142
2	4	5	0	0	0	0	0	0	0	0	0	0	1	1	1	7	1	5	138
2	2	6	0	0	0	0	0	0	0	1	0	1	1	2	4	6	0	1	153
2	2	5	0	0	0	0	0	0	0	0	0	0	1	1	1	7	1	5	138
2	9	8	0	0	0	0	0	0	0	0	0	0	1	0	5	6	1	0	154
2	8	5	0	0	0	0	0	0	0	0	0	0	1	1	1	7	1	5	138
2	4	5	0	0	0	0	0	0	0	0	0	0	1	1	1	7	1	5	138
2	4	5	0	0	0	0	0	0	0	0	0	0	1	0	1	7	1	7	155
2	4	6	0	0	0	0	0	0	0	0	0	0	1	0	5	6	1	0	156
2	8	4	0	0	0	0	0	0	0	0	0	0	1	2	4	6	1	4	157
2	9	4	0	0	0	1	0	0	0	0	0	0	1	0	5	6	1	0	158
2	4	4	0	0	0	0	0	0	0	0	0	0	1	1	1	7	1	6	159
2	2	7	0	0	0	0	0	0	0	0	0	0	1	0	5	6	1	4	160
2	2	7	0	0	0	0	0	0	0	0	0	0	1	0	5	6	1	4	161
2	4	8	0	0	0	1	0	0	0	0	0	0	1	1	1	7	1	6	162
2	2	7	0	0	0	0	0	0	0	0	0	0	1	0	5	6	1	4	163
2	9	5	0	0	0	0	0	0	0	0	0	0	1	1	1	7	1	3	142
2	4	5	0	0	0	0	0	0	0	0	0	0	1	1	1	7	1	3	164
2	8	6	0	0	1	0	0	0	0	0	0	0	1	0	5	6	1	4	165
2	8	7	0	0	0	0	0	0	0	0	0	0	1	2	4	6	1	0	166
2	4	8	0	0	0	1	0	0	0	0	0	0	1	1	1	7	1	5	167
2	8	5	0	0	0	0	0	0	0	0	0	0	1	1	1	7	1	5	138
2	7	5	0	0	0	0	0	0	0	0	0	0	1	1	1	7	1	2	168
2	2	8	0	0	0	0	0	0	0	0	0	0	1	0	5	6	1	4	169
2	0	5	0	0	0	1	0	0	0	0	0	0	1	1	1	7	1	5	170
2	9	5	0	0	0	0	0	0	0	0	0	0	1	1	1	7	1	7	171
2	7	5	0	0	0	0	0	0	0	0	0	0	1	1	1	7	1	5	138
2	9	8	0	0	0	1	0	0	0	0	0	0	1	0	5	6	1	0	172
2	4	6	0	0	0	0	0	0	0	0	0	1	1	2	4	6	0	1	173
2	4	8	0	0	0	0	0	0	0	0	0	0	1	1	1	7	1	5	138
2	2	7	0	0	0	0	0	0	0	0	0	0	1	0	5	6	1	4	163
2	4	4	0	0	0	0	0	0	0	0	0	0	1	1	1	7	1	5	138
2	4	5	0	0	0	0	0	0	0	0	0	0	1	1	1	7	1	5	138
2	2	8	0	0	0	0	0	0	0	0	0	0	1	0	5	6	1	4	174
2	9	5	0	0	0	0	0	0	0	0	0	0	1	1	1	7	1	5	138
2	7	5	0	0	0	0	0	0	0	0	0	0	1	1	1	7	1	6	142
2	4	4	0	0	0	0	0	0	0	0	0	0	1	1	1	7	1	5	138
2	8	5	0	0	0	0	0	0	0	0	0	0	1	1	1	7	1	5	138
2	9	7	0	0	0	0	0	0	0	0	0	0	1	0	4	6	1	4	175
2	8	5	0	0	0	0	0	0	0	0	0	0	1	1	1	7	1	5	138
2	9	5	0	0	0	0	0	0	0	0	0	0	1	1	1	7	1	8	142
2	2	5	0	0	0	0	0	0	0	0	0	0	1	1	1	7	1	3	142
2	2	5	0	0	0	0	0	0	0	0	0	0	1	1	1	7	1	6	142
2	4	5	0	0	0	0	0	0	0	0	0	0	1	1	1	7	1	5	138
2	7	5	0	0	0	0	0	0	0	0	0	0	1	1	1	7	1	5	138
2	9	5	0	0	0	0	0	0	0	0	0	0	1	1	1	7	1	6	142
2	2	4	0	0	0	0	0	0	0	0	0	0	1	2	4	6	1	4	176
2	4	5	0	0	0	0	0	0	0	0	0	0	1	1	1	7	1	3	142
2	8	7	0	0	0	0	0	0	0	0	0	0	1	2	4	6	1	0	141
2	9	7	0	0	0	0	0	0	0	0	0	0	1	0	4	6	1	4	177
2	8	4	0	0	1	0	0	2	0	1	0	1	1	2	4	7	0	1	178
2	2	5	0	0	0	0	0	0	0	0	0	0	1	1	1	7	1	5	138
2	9	5	0	0	0	0	0	0	0	0	0	0	1	1	1	7	1	8	142
2	4	7	0	0	0	0	0	0	0	0	0	0	1	1	1	7	1	5	138
2	0	5	0	0	0	0	0	0	0	0	0	0	1	1	1	7	1	5	138
2	4	5	0	0	0	0	0	0	0	0	0	0	1	1	1	7	1	5	138
2	4	5	0	0	0	0	0	0	0	0	0	0	1	1	1	7	1	5	138
2	8	5	0	0	0	0	0	0	0	0	0	0	1	1	1	7	1	3	142
2	2	7	0	0	0	0	0	0	0	0	0	0	1	0	5	6	1	0	179
2	4	5	0	0	0	0	0	0	0	0	0	0	1	1	1	7	1	5	138
2	2	5	0	0	0	0	0	0	0	0	0	0	1	1	1	7	1	7	171
2	9	6	0	0	0	0	0	0	0	0	0	0	1	0	5	6	1	4	180
2	9	8	0	0	0	0	0	0	0	0	0	0	1	0	5	6	1	4	181
2	9	8	0	0	0	0	0	0	0	1	0	1	1	2	4	6	0	1	182
2	4	7	0	0	0	1	0	0	0	0	0	0	1	1	1	7	1	6	164
2	4	4	0	0	0	0	0	0	0	0	0	0	1	1	1	7	1	0	183
2	9	5	0	0	0	0	0	0	0	0	0	0	1	1	1	7	1	5	138
2	7	5	0	0	0	0	0	0	0	0	0	0	1	1	1	7	1	3	142
2	4	5	0	0	0	0	0	0	0	0	0	0	1	1	1	7	1	5	138
2	9	5	0	0	0	0	0	0	0	0	0	0	1	1	1	7	1	5	138
2	9	5	0	1	0	0	0	0	0	0	0	0	1	1	1	7	1	4	184
2	8	4	0	1	0	0	0	0	0	1	0	1	1	2	4	6	0	0	185
2	4	7	0	0	0	0	0	0	0	0	0	0	1	1	1	7	1	3	186
2	2	5	0	0	0	0	0	0	0	0	0	0	1	1	1	7	1	5	138
3	3	4	0	0	0	0	0	0	0	4	2	2	3	4	6	8	2	2	187
3	9	7	0	0	0	0	0	0	0	3	3	3	2	2	3	5	3	3	188
3	7	8	0	0	0	1	0	1	0	2	2	3	2	2	3	4	3	3	189
3	1	7	0	1	0	0	0	0	0	4	2	4	3	4	6	8	4	2	190
3	4	9	0	0	0	0	0	0	0	3	3	5	0	2	4	5	5	2	191
3	5	6	0	0	0	0	0	0	0	2	3	3	2	4	2	4	3	2	192
3	5	7	0	0	0	0	0	0	0	2	2	2	3	4	2	8	2	2	193
3	7	8	0	0	0	2	0	0	0	3	1	5	0	2	3	5	5	2	194
3	4	3	0	1	0	0	0	0	0	1	1	1	0	1	1	6	0	6	195
3	9	9	0	0	0	1	0	0	0	3	3	5	2	2	3	5	5	2	196
3	5	9	0	0	0	0	0	0	0	3	3	3	2	3	2	4	3	2	197
3	9	8	0	0	0	0	0	0	0	2	3	3	2	3	2	4	3	2	198
3	6	6	0	0	0	0	0	0	0	4	4	4	4	5	6	8	4	2	199
3	7	8	0	0	0	2	0	0	0	3	1	5	0	2	4	5	5	2	200
3	3	4	0	0	0	0	0	0	0	4	4	4	4	4	6	8	4	3	201
3	0	7	0	0	0	0	0	0	0	4	2	2	3	3	2	8	2	3	202
3	3	4	0	1	0	0	0	0	0	4	4	4	4	5	7	9	4	2	203
3	5	6	0	0	0	3	0	0	0	3	3	3	2	2	3	5	3	2	204
3	3	7	0	0	0	0	0	0	0	4	4	4	3	4	6	8	4	3	205
3	5	6	0	1	1	1	0	0	0	2	2	2	3	4	6	8	2	2	206
3	7	9	0	0	0	1	0	0	0	2	3	3	2	3	3	5	3	3	207
3	8	5	0	1	0	0	0	0	0	2	3	3	2	4	2	4	3	2	208
3	0	9	0	0	0	0	0	0	0	4	4	2	3	3	2	4	2	3	209
3	1	8	0	0	0	1	0	1	0	2	2	2	2	3	2	4	2	2	210
3	6	8	0	1	0	0	0	0	0	2	2	2	3	4	6	8	2	2	211
3	0	5	0	1	0	0	0	0	0	4	2	4	3	5	6	4	4	2	212
3	7	6	0	1	2	1	0	1	0	2	3	3	2	2	3	5	3	3	213
3	6	9	0	0	0	0	0	0	0	4	2	2	3	4	6	8	2	2	214
3	8	8	0	0	0	0	0	1	0	3	3	3	2	3	2	4	3	2	215
3	8	9	0	0	0	1	0	0	0	3	3	3	2	3	3	5	3	2	216
3	1	7	0	0	0	0	0	0	0	4	2	2	3	4	6	4	2	2	217
3	8	8	0	0	0	0	0	0	0	3	3	5	2	3	3	5	5	2	218
3	2	6	0	0	0	0	0	0	0	2	2	2	3	4	2	4	2	2	219
3	2	4	0	1	0	0	0	0	0	2	3	3	2	3	3	5	3	3	220
3	0	9	0	0	0	0	0	0	0	4	2	2	3	3	2	8	2	3	221
3	6	7	0	0	0	4	0	0	0	4	2	4	3	5	6	8	4	2	222
3	1	9	0	0	0	0	0	0	0	2	2	2	3	4	2	4	2	2	223
3	4	9	0	0	0	0	0	0	0	3	3	5	0	2	4	5	5	2	224
3	5	4	0	0	0	0	0	0	0	3	3	3	2	3	2	4	3	2	225
3	9	5	0	0	0	0	0	0	0	3	3	3	2	3	3	5	3	2	226
3	0	7	0	0	0	0	0	0	0	4	2	2	3	3	2	4	2	3	227
3	0	9	0	1	0	0	0	0	0	4	2	4	3	4	6	8	4	2	228
3	6	7	0	0	0	0	0	0	0	4	4	4	4	5	7	8	4	2	229
3	3	8	0	0	0	0	0	0	0	4	4	4	3	4	6	8	4	3	230
3	0	8	0	1	0	1	0	0	0	2	2	2	3	2	3	4	2	3	231
3	2	9	0	0	0	0	0	0	0	3	1	5	0	2	3	5	5	2	232
3	2	5	0	0	0	0	0	0	0	3	3	3	2	3	3	5	3	2	233
3	8	7	0	0	0	0	0	0	0	3	3	3	2	2	4	5	3	3	234
3	9	8	0	0	0	0	0	1	0	3	3	5	2	2	4	5	5	3	235
3	2	7	0	0	1	0	0	1	0	3	3	5	2	2	4	5	5	3	236
3	5	5	0	0	0	1	0	0	0	1	1	1	0	0	5	6	0	3	237
3	1	7	0	0	0	0	0	0	0	4	2	4	3	4	6	8	4	2	238
3	6	8	0	0	0	0	0	0	0	4	4	4	3	4	6	8	4	2	239
3	1	5	0	0	0	0	0	1	0	2	3	3	2	3	2	4	3	2	240
3	5	9	0	1	0	0	0	0	0	1	1	1	0	0	4	6	0	2	241
3	3	8	0	1	0	0	0	0	0	4	4	4	4	4	2	8	4	3	242
3	7	6	0	0	0	1	0	0	0	2	3	3	2	3	2	4	3	2	243
3	0	4	0	0	0	4	0	0	0	4	4	4	4	3	2	8	4	3	244
3	7	8	0	0	0	4	0	0	0	3	1	5	0	2	4	5	5	2	245
3	4	9	0	0	0	0	0	2	0	3	3	3	2	3	3	5	3	2	246
3	5	4	0	0	0	0	0	0	0	4	2	2	3	4	6	8	2	2	247
3	3	8	0	0	0	0	0	0	0	4	2	4	3	4	6	8	4	3	248
3	0	8	0	0	0	0	0	0	0	2	2	2	3	3	2	4	2	3	249
3	7	4	0	0	0	0	0	0	0	2	2	2	3	3	3	4	2	3	250
3	1	7	0	0	0	0	0	0	0	4	2	4	3	4	6	8	4	2	251
3	5	4	0	0	0	1	0	0	0	1	1	5	0	2	4	5	5	2	252
3	9	8	0	0	0	0	0	2	0	3	1	5	0	0	4	5	5	2	253
3	3	6	0	0	0	0	0	0	0	4	4	4	4	4	6	8	4	3	254
3	6	8	0	0	0	1	0	0	0	4	2	2	3	4	6	4	2	2	255
3	1	8	0	0	0	0	0	0	0	4	2	2	3	4	6	8	2	2	256
3	1	6	0	0	0	1	0	0	0	4	2	4	3	5	6	8	4	2	257
3	0	9	0	0	0	0	0	0	0	4	2	4	3	4	6	4	4	2	258
3	0	7	0	0	0	0	0	0	0	2	2	2	3	2	3	4	2	3	259
3	3	8	0	0	0	0	0	0	0	4	4	4	4	5	6	8	4	2	260
3	0	9	0	1	0	0	0	0	0	4	2	2	3	4	2	4	2	3	261
3	0	6	0	0	0	1	0	0	0	4	4	4	4	3	2	4	4	3	262
3	8	7	0	0	0	0	0	0	0	2	3	3	2	3	3	5	3	3	263
3	4	6	0	0	0	0	0	0	0	2	3	3	2	3	3	5	3	3	264
3	2	4	0	1	0	0	0	0	0	2	2	3	2	3	3	5	3	3	265
3	6	8	0	0	0	0	0	0	0	4	2	4	3	4	6	8	4	2	266
3	9	9	0	0	0	1	0	0	0	3	3	3	2	3	3	5	3	2	267
3	2	9	0	0	0	0	0	0	0	2	3	3	2	4	2	4	3	2	268
3	0	9	0	0	0	1	0	0	0	4	2	2	3	3	3	4	2	3	269
3	4	7	0	0	0	0	0	0	0	3	3	5	2	2	4	5	5	3	270
3	5	5	0	0	0	1	0	0	0	1	1	5	0	0	4	5	5	2	271
3	5	8	0	1	0	1	0	0	0	2	2	2	2	4	2	4	2	2	272
3	0	9	0	0	0	0	0	0	0	4	2	2	3	4	2	4	2	3	273
3	7	6	0	0	0	0	0	0	0	3	3	3	2	3	3	5	3	2	274
3	1	8	0	0	0	2	0	0	0	2	2	2	3	4	2	4	2	2	275
3	3	6	0	0	0	0	0	0	0	4	4	4	4	4	6	8	4	3	276
3	0	9	0	0	0	0	0	0	0	4	2	2	3	4	2	8	2	3	277
3	7	9	0	1	0	0	0	0	0	2	2	3	2	2	3	5	3	3	278
3	7	6	0	0	0	0	0	0	0	4	2	2	3	3	3	4	2	3	279
3	1	3	0	2	0	0	0	0	0	3	3	3	2	2	4	5	3	3	280
3	8	9	0	0	0	0	0	0	0	2	3	3	2	3	2	4	3	2	281
3	6	6	0	0	0	0	0	0	0	4	4	4	4	5	7	8	4	2	282
3	1	5	0	0	0	0	0	0	0	2	2	2	3	4	2	4	2	2	283
3	5	7	0	0	0	0	0	0	0	2	2	2	3	4	2	8	2	2	284
3	3	5	0	0	0	0	0	0	0	2	2	2	2	3	2	4	2	2	285
3	4	9	0	0	0	1	0	0	0	3	1	5	0	2	3	5	5	2	286
3	5	6	0	0	0	0	0	0	0	2	2	2	3	4	6	8	2	2	287
3	3	7	0	0	0	5	0	0	0	3	3	3	2	3	3	5	3	2	288
3	1	4	0	0	0	0	0	0	0	4	2	4	3	5	6	8	4	2	289
3	5	5	0	1	0	0	0	0	0	2	2	2	2	4	2	4	2	2	290
3	3	9	0	0	0	1	0	0	0	4	2	4	3	4	6	4	4	2	291
3	6	9	0	0	0	0	0	0	0	4	2	4	3	5	6	8	4	2	292
3	1	7	0	0	0	0	0	0	0	4	2	2	3	4	2	4	2	3	293
3	8	6	0	0	0	0	0	0	0	2	2	2	3	4	2	5	2	2	294
3	1	7	0	0	0	0	0	0	0	4	2	4	3	4	6	8	4	2	295
3	5	8	0	0	0	1	0	0	0	3	1	5	0	2	4	5	5	2	296
3	0	8	0	0	0	2	0	0	0	4	4	4	4	4	2	4	4	3	297
3	7	9	0	1	0	0	0	0	0	2	2	3	2	2	3	5	3	3	298
3	8	9	0	0	0	1	0	0	0	3	1	5	0	2	4	5	5	2	299
3	0	6	0	0	0	0	0	0	0	5	4	4	4	4	6	8	4	3	300
3	8	9	0	1	0	0	0	0	0	3	3	3	2	3	3	5	3	2	301
3	1	7	0	0	0	0	0	0	0	4	2	2	3	4	6	8	2	2	302
3	3	7	0	0	0	0	0	0	0	4	4	4	4	5	7	8	4	2	303
3	7	9	0	0	0	2	0	0	0	3	3	5	0	2	3	5	5	2	304
3	7	8	0	0	0	2	0	0	0	2	3	3	2	3	3	4	3	2	305
3	4	7	0	0	0	4	0	0	0	3	1	5	0	2	4	5	5	2	306
3	1	6	0	0	0	0	0	0	0	4	4	4	4	5	6	8	4	2	307
3	1	7	0	0	0	0	0	0	0	4	2	2	3	4	6	8	2	2	308
3	4	4	0	0	0	0	0	0	0	3	3	3	2	2	4	5	3	3	309
3	0	8	0	1	0	0	0	0	0	4	2	2	3	4	2	4	2	3	310
3	5	9	0	0	0	0	0	1	0	3	3	5	2	3	3	5	5	2	311
3	1	4	0	0	0	0	0	0	0	4	2	4	3	4	6	4	4	2	312
3	3	6	0	2	0	0	0	0	0	4	4	4	4	5	6	8	4	2	313
3	3	5	0	0	0	0	0	0	0	2	2	2	3	3	2	4	2	3	314
3	1	4	0	0	0	1	0	0	0	4	2	4	3	4	6	8	4	2	315
3	3	9	0	0	0	0	0	1	0	2	2	2	3	4	2	4	2	2	316
3	0	9	0	0	0	2	0	0	0	2	2	2	3	4	2	4	2	2	317
3	1	5	0	1	0	0	0	0	0	2	2	2	2	4	2	4	2	2	318
3	3	6	0	0	0	0	0	0	0	4	4	4	4	5	6	8	4	2	319
3	7	9	0	0	0	0	0	0	0	2	2	2	3	4	2	4	2	2	320
3	3	6	0	0	0	0	0	0	0	4	4	4	4	4	6	8	4	3	321
3	9	6	0	0	0	0	0	1	0	3	3	3	2	2	3	5	3	3	322
3	6	6	0	1	0	0	0	0	0	4	4	4	4	5	7	8	4	2	323
3	5	4	0	0	0	0	0	0	0	3	3	3	2	3	3	4	3	2	324
3	4	4	0	0	0	0	0	0	0	3	3	5	2	0	4	5	5	3	325
3	3	4	0	0	0	0	0	0	0	4	4	4	4	3	2	8	4	3	326
3	2	5	0	0	0	2	0	0	0	3	3	3	2	3	3	5	3	2	327
3	5	9	0	0	0	1	0	0	0	2	3	3	2	3	2	4	3	2	328
3	1	5	0	0	0	1	0	0	0	2	3	2	2	3	2	4	2	2	329
3	0	7	0	2	0	0	0	0	0	4	2	2	3	4	2	4	2	3	330
3	9	9	0	0	0	0	0	0	0	3	3	3	2	2	4	5	3	3	331
3	3	9	0	0	0	5	0	0	0	3	3	5	2	2	4	5	5	3	332
3	9	5	0	0	0	1	0	0	0	3	3	5	2	2	4	5	5	2	333
3	6	5	0	0	1	1	0	0	0	2	2	2	3	3	2	4	2	2	334
3	7	7	0	0	0	1	0	0	0	1	1	5	0	2	4	5	5	2	335
3	9	7	0	0	0	0	0	1	0	3	3	3	2	2	3	5	3	3	336
3	7	9	0	0	0	2	0	0	0	2	3	3	2	3	2	4	3	2	337
3	8	7	0	0	0	0	0	0	0	3	3	3	2	3	2	4	3	2	338
3	9	4	0	0	0	0	0	1	0	3	3	3	2	2	4	5	3	3	339
3	4	6	0	0	0	0	0	1	0	3	3	5	2	2	4	5	5	3	340
3	1	4	0	0	0	0	0	0	0	4	4	4	4	5	7	8	4	2	341
3	5	7	0	0	0	0	0	0	0	4	2	2	3	4	6	8	2	2	342
3	0	5	0	0	1	1	0	1	0	2	2	2	3	3	2	4	2	2	343
3	8	9	0	0	0	1	0	0	0	3	3	5	2	3	3	5	5	2	344
3	3	9	0	0	0	0	0	1	0	2	2	2	3	4	2	4	2	2	345
3	4	3	0	0	0	0	0	0	0	1	1	1	0	0	5	6	0	3	346
3	6	4	0	0	0	0	0	0	0	4	4	4	3	5	6	8	4	2	347
4	6	8	0	0	0	0	0	0	0	0	0	0	1	0	1	2	1	4	348
4	6	5	0	0	0	0	0	0	0	0	0	0	1	1	1	7	1	5	138
4	3	8	0	0	0	0	0	0	0	0	0	0	1	0	5	7	1	8	349
4	3	8	0	0	0	2	0	3	0	1	1	1	0	2	5	7	0	4	350
4	5	9	0	0	0	0	0	0	0	1	0	5	1	4	2	4	5	4	351
4	0	5	0	0	0	0	0	0	0	0	0	0	1	1	1	7	1	9	352
4	1	5	0	0	1	1	0	1	0	0	0	1	1	2	4	6	0	0	353
4	0	5	0	0	0	0	0	0	0	0	0	0	1	1	1	7	1	5	138
4	6	7	0	0	0	2	0	2	0	3	3	3	2	4	3	6	3	2	354
4	3	8	0	0	0	0	0	0	0	0	0	0	1	2	1	2	1	4	355
4	6	7	0	0	0	5	0	3	0	3	1	5	2	3	4	7	5	1	356
4	5	9	0	0	0	0	0	0	0	1	0	1	1	2	4	6	0	0	357
4	5	9	0	0	0	0	0	0	0	1	0	5	1	4	2	5	5	4	358
4	1	9	0	0	0	0	0	0	0	0	0	0	1	0	5	7	1	9	359
4	3	8	0	0	0	0	0	0	0	0	0	0	1	0	1	7	1	7	360
4	3	5	0	1	0	0	0	0	0	0	0	0	1	0	5	7	1	4	361
4	3	8	0	0	0	0	0	0	0	0	0	0	1	0	5	7	1	8	362
4	6	5	0	0	0	0	0	0	0	0	0	0	1	1	1	7	1	5	138
4	3	9	0	0	0	0	0	0	0	1	0	1	1	4	2	5	0	8	363
4	0	9	0	0	0	0	0	0	0	0	0	0	1	0	1	7	1	9	364
4	1	9	0	0	0	0	0	0	0	0	0	0	1	0	5	7	1	9	365
4	1	9	0	1	0	0	0	0	0	1	0	1	1	3	3	6	0	0	366
4	0	8	0	0	0	0	0	0	0	1	0	5	0	5	2	5	5	4	367
4	0	9	0	0	0	0	0	0	0	0	0	0	1	0	1	7	1	9	368
4	5	9	0	0	0	0	0	0	0	1	0	5	0	4	2	5	5	4	369
4	0	9	0	0	0	0	0	0	0	1	0	1	1	4	2	5	0	4	370
4	5	5	0	0	0	2	0	0	0	1	0	1	1	3	3	6	0	4	371
4	5	9	0	1	0	1	0	0	0	1	0	1	1	3	3	6	0	4	372
4	1	9	0	0	0	0	0	0	0	1	0	1	1	3	3	6	0	0	373
4	6	8	0	0	0	0	0	0	0	0	0	0	1	0	5	7	1	7	374
4	1	5	0	0	0	0	0	0	0	0	0	0	1	0	1	7	1	9	368
4	5	9	0	0	0	0	0	0	0	1	0	1	1	3	3	5	0	4	375
4	0	9	0	0	0	0	0	0	0	0	0	0	1	0	5	7	1	7	376
4	0	9	0	0	0	0	0	0	0	1	0	1	0	4	2	5	0	4	377
4	1	9	0	0	0	0	0	0	0	1	0	1	0	4	3	5	0	0	378
4	1	9	0	0	0	0	0	0	0	0	0	0	1	0	1	7	1	9	379
4	6	7	0	0	0	4	0	1	0	1	0	1	0	3	4	7	0	1	380
4	0	9	0	0	1	0	0	1	0	0	0	0	1	2	4	7	1	8	381
4	6	9	0	0	0	0	0	0	0	0	0	0	1	1	1	7	1	4	382
4	3	8	0	0	0	4	0	2	0	0	0	0	1	0	5	7	1	4	383
4	3	9	0	0	0	0	0	0	0	0	0	0	1	1	1	7	1	1	142
4	6	8	0	0	1	1	0	1	0	0	0	1	1	2	4	6	0	0	384
4	6	7	0	0	0	0	0	0	0	0	0	0	1	0	5	7	1	8	385
4	1	9	0	0	0	0	0	0	0	1	0	1	1	4	2	5	0	4	386
4	1	5	0	0	0	0	0	0	0	0	0	0	1	0	1	7	1	9	387
4	5	9	0	0	1	1	0	1	0	1	1	5	0	6	6	4	5	4	388
4	3	9	0	0	0	2	0	0	0	0	0	1	1	3	4	6	0	8	389
4	0	9	0	0	0	0	0	0	0	0	0	0	1	0	1	7	1	9	368
4	5	9	0	0	0	1	0	1	0	3	1	3	0	6	6	4	3	4	390
4	3	8	0	0	0	0	0	0	0	0	0	0	1	0	1	7	1	9	391
4	0	9	0	0	1	1	0	0	0	0	0	1	1	3	3	6	0	4	392
4	6	7	0	0	1	4	0	2	0	1	1	1	0	3	4	7	0	1	393
4	1	9	0	0	0	0	0	0	0	0	0	0	1	0	5	7	1	7	394
4	3	9	0	0	1	1	0	1	0	0	0	0	1	2	4	6	1	8	395
4	1	5	0	0	0	1	0	0	0	0	0	0	1	0	5	7	1	2	396
4	3	9	0	0	1	6	0	4	0	2	2	2	3	4	3	6	2	2	397
4	5	9	0	0	0	1	0	0	0	1	1	1	0	0	5	6	0	1	398
4	0	5	0	0	0	0	0	0	0	0	0	0	1	1	1	7	1	8	142
4	6	8	0	1	0	1	0	0	0	0	0	0	1	0	5	7	1	8	399
4	6	7	0	0	0	0	0	0	0	0	0	0	1	0	5	7	1	7	400
4	6	8	0	1	0	0	0	0	0	0	0	0	1	0	1	7	1	9	401
4	6	5	0	1	0	0	0	0	0	0	0	0	1	2	5	7	1	8	402
4	5	9	0	0	0	0	0	0	0	1	1	5	0	3	3	5	5	0	403
4	5	5	0	1	0	0	0	0	0	0	0	0	1	2	4	7	1	8	404
4	1	5	0	0	0	0	0	0	0	0	0	0	1	2	5	7	1	4	405
4	1	9	0	0	0	0	0	0	0	0	0	1	1	3	3	6	0	8	406
4	6	9	0	0	0	0	0	0	0	0	0	0	1	1	1	7	1	6	142
4	1	5	0	0	0	1	0	0	0	0	0	1	1	2	5	7	0	4	407
4	5	9	0	0	0	0	0	0	0	1	0	1	1	4	2	5	0	8	408
4	1	9	0	1	0	0	0	0	0	0	0	0	1	0	5	7	1	7	409
4	0	5	0	0	0	0	0	0	0	0	0	0	1	1	1	7	1	6	142
4	6	7	0	0	0	3	0	3	0	3	1	5	2	3	4	6	5	2	410
4	6	5	0	0	0	0	0	0	0	0	0	0	1	1	1	7	1	5	138
4	6	9	0	0	0	0	0	0	0	0	0	0	1	1	1	7	1	0	411
4	0	5	0	0	0	0	0	0	0	0	0	0	1	0	1	7	1	9	412
4	5	5	0	0	0	0	0	0	0	1	1	1	0	0	5	6	0	2	413
4	1	5	0	0	0	0	0	0	0	0	0	0	1	0	1	7	1	9	414
4	3	9	0	0	0	0	0	0	0	0	0	0	1	1	1	7	1	3	142
4	3	5	0	0	0	0	0	0	0	0	0	0	1	0	5	7	1	7	415
4	5	5	0	0	2	1	0	1	0	1	0	1	0	4	4	6	0	4	416
4	1	9	0	0	0	0	0	0	0	1	0	1	1	3	4	6	0	4	417
4	6	9	0	0	0	0	0	0	0	0	0	0	1	0	1	7	1	7	418
4	1	9	0	0	0	0	0	0	0	0	0	0	1	0	5	7	1	9	419
4	1	5	0	0	0	1	0	0	0	0	0	1	1	3	3	6	0	4	420
4	0	5	0	0	0	0	0	0	0	0	0	0	1	0	1	7	1	9	368
4	3	9	0	1	0	0	0	0	0	0	0	0	1	0	5	7	1	8	421
4	0	9	0	0	0	0	0	0	0	0	0	0	1	0	1	7	1	9	422
4	6	8	0	1	0	0	0	0	0	0	0	0	1	0	1	7	1	9	423
4	5	9	0	0	0	1	0	0	0	1	1	5	0	4	2	5	5	0	424
4	6	9	0	0	0	0	0	0	0	0	0	0	1	1	1	7	1	5	138
4	5	5	0	1	0	0	0	0	0	0	0	1	1	3	4	7	0	0	425
4	5	5	0	0	0	1	0	0	0	1	1	1	0	0	4	5	0	1	426
4	1	9	0	0	0	0	0	0	0	1	0	1	1	4	3	6	0	4	427
4	0	5	0	0	0	0	0	0	0	0	0	0	1	0	5	7	1	9	428
4	6	8	0	0	0	0	0	0	0	0	0	0	1	0	1	7	1	7	429
4	0	9	0	0	0	0	0	0	0	0	0	0	1	0	1	7	1	9	142
4	6	8	0	0	0	0	0	0	0	0	0	0	1	1	1	7	1	9	142
4	6	9	0	0	0	0	0	0	0	0	0	0	1	1	1	7	1	5	138
4	1	9	0	0	0	0	0	0	0	1	0	1	1	3	3	6	0	0	430
4	3	5	0	0	0	0	0	0	0	0	0	1	1	3	4	6	0	8	431
5	1	7	0	0	0	0	0	0	0	6	5	6	5	7	6	5	6	3	432
5	9	4	0	0	0	0	0	0	0	6	6	6	5	7	6	5	6	3	433
5	0	7	0	0	0	0	0	0	0	6	6	6	5	7	6	5	6	3	434
5	1	6	0	0	0	0	0	0	0	6	5	6	5	7	7	5	6	3	435
5	0	7	0	0	0	0	0	0	0	6	6	6	5	7	7	4	6	3	436
5	7	6	0	0	0	0	0	0	0	6	5	6	5	7	7	5	6	3	437
5	5	9	0	0	0	0	0	0	0	6	6	6	6	7	7	4	6	3	438
5	9	4	0	0	0	0	0	0	0	6	6	6	5	7	7	5	6	3	439
5	1	4	0	0	0	0	0	0	0	6	5	6	5	6	6	5	6	3	440
5	5	6	0	0	0	0	0	0	0	6	5	6	5	8	7	5	6	3	441
5	1	4	0	0	0	0	0	0	0	6	5	6	5	7	7	5	6	3	442
5	1	8	0	0	0	0	0	0	0	6	6	6	6	6	7	4	6	3	443
5	8	4	0	0	0	0	0	0	0	6	5	6	5	7	7	5	6	3	444
5	9	4	0	0	0	0	0	0	0	6	6	6	5	7	7	5	6	3	445
5	7	6	0	0	0	0	0	0	0	6	5	6	5	8	7	6	6	3	446
5	1	4	0	0	0	0	0	0	0	6	5	6	5	6	6	5	6	3	447
5	0	7	0	0	0	0	0	0	0	6	6	6	5	7	7	5	6	3	448
5	3	7	0	1	0	0	0	0	0	6	6	6	5	7	7	4	6	3	449
5	4	6	0	0	0	0	0	0	0	6	5	6	5	7	7	5	6	3	450
5	1	8	0	0	0	0	0	0	0	6	6	7	6	7	7	4	7	3	451
5	5	4	0	0	0	0	0	0	0	6	6	6	5	8	7	5	6	3	452
5	3	7	0	0	0	0	0	0	0	6	6	6	5	7	7	5	6	3	453
5	5	7	0	1	0	0	0	0	0	6	6	6	5	7	7	5	6	3	454
5	2	4	0	1	0	0	0	0	0	6	5	6	5	7	7	5	6	3	455
5	4	6	0	0	0	0	0	0	0	6	5	6	5	7	6	5	6	3	456
5	4	6	0	0	0	0	0	0	0	6	5	6	5	7	6	5	6	3	457
5	8	6	0	0	0	0	0	0	0	7	5	6	7	6	6	5	6	3	458
5	4	6	0	0	0	0	0	0	0	6	5	6	5	7	7	5	6	3	459
5	1	4	0	0	0	0	0	0	0	6	5	6	5	7	6	5	6	3	460
5	1	8	0	0	0	0	0	0	0	6	6	6	5	7	7	4	6	3	461
5	2	4	0	1	0	0	0	0	0	6	5	6	5	7	7	5	6	3	462
5	5	6	0	0	0	0	0	0	0	6	5	6	5	7	7	5	6	3	463
5	6	6	0	0	0	0	0	0	0	6	5	6	5	8	7	5	6	3	464
5	9	6	0	0	0	0	0	0	0	6	5	6	5	7	6	5	6	3	465
5	8	6	0	0	0	0	0	0	0	7	5	6	5	7	6	5	6	3	466
5	4	6	0	0	0	0	0	0	0	6	5	6	5	7	7	5	6	3	467
5	8	4	0	0	0	0	0	0	0	6	5	6	5	7	7	4	6	3	468
5	8	6	0	0	0	0	0	0	0	7	5	6	5	6	6	5	6	3	469
5	8	6	0	0	0	0	0	0	0	7	5	6	5	7	6	5	6	3	470
5	0	6	0	0	0	0	0	0	0	6	5	6	5	6	6	5	6	3	471
5	1	4	0	0	0	0	0	0	0	6	5	6	5	7	7	5	6	3	472
5	2	4	0	0	0	0	0	0	0	6	5	6	5	7	7	5	6	3	473
5	5	4	0	0	0	0	0	0	0	6	6	6	5	8	7	5	6	3	474
5	0	4	0	0	0	0	0	0	0	6	5	6	5	6	6	5	6	3	475
5	0	7	0	0	0	0	0	0	0	6	6	6	5	7	7	4	6	3	476
5	6	4	0	1	0	0	0	0	0	6	6	6	5	8	8	4	6	3	477
5	0	7	0	0	0	0	0	0	0	6	5	6	5	6	6	5	6	3	478
5	5	6	0	0	0	0	0	0	0	6	5	6	5	7	7	5	6	3	479
5	2	6	0	0	0	0	0	0	0	7	5	6	5	7	6	5	6	3	480
5	7	6	0	0	0	0	0	0	0	6	5	6	5	7	7	5	6	3	481
5	1	6	0	0	0	0	0	0	0	6	5	6	5	7	7	5	6	3	482
5	8	6	0	0	0	0	0	0	0	7	5	6	5	7	6	5	6	3	483
5	5	8	0	1	0	0	0	0	0	6	6	6	6	7	7	4	6	3	484
5	0	6	0	0	0	0	0	0	0	6	5	6	5	6	6	5	6	3	485
5	4	6	0	0	0	0	0	0	0	6	5	6	5	7	7	5	6	3	486
5	0	4	0	0	0	0	0	0	0	6	5	6	5	7	6	5	6	3	487
5	9	7	0	0	0	0	0	1	0	6	6	6	5	7	6	5	6	3	488
5	5	6	0	0	0	0	0	0	0	6	5	6	5	7	7	5	6	3	489
5	2	4	0	0	0	0	0	0	0	6	5	6	5	7	6	5	6	3	490
5	4	4	0	0	0	0	0	0	0	6	6	6	5	7	7	4	6	3	491
5	3	7	0	0	0	0	0	0	0	6	6	6	5	7	7	5	6	3	492
0	3	2	0	0	0	1	0	0	0	1	1	1	0	2	0	1	0	2	493
0	4	0	0	0	0	0	0	0	0	0	0	0	0	2	0	0	0	1	494
0	5	1	0	0	0	0	0	0	0	1	0	0	0	0	0	1	0	2	495
0	3	0	0	0	0	0	0	0	0	1	1	0	0	0	0	1	0	2	496
0	6	0	0	0	0	0	0	0	0	1	0	0	0	0	0	0	0	1	497
0	7	2	0	0	0	0	0	0	0	1	1	1	0	2	0	0	0	2	498
0	0	3	0	1	0	0	0	0	0	1	1	1	2	0	0	0	0	2	499
0	3	1	0	0	0	0	0	0	0	1	0	1	0	2	1	1	0	2	500
0	9	3	0	0	0	0	0	0	0	1	0	1	0	2	0	0	0	2	501
0	3	3	0	0	0	0	0	0	0	1	1	1	0	0	0	0	0	2	502
0	7	3	0	0	0	0	0	0	0	1	1	1	2	2	0	0	0	2	503
0	3	0	0	0	0	0	0	0	0	0	0	0	0	0	0	0	0	2	504
0	3	1	0	0	0	0	0	0	0	0	0	0	0	2	1	1	0	1	505
0	2	3	0	0	0	0	0	0	0	1	1	1	0	0	0	0	0	2	506
0	9	0	0	1	0	0	0	0	0	0	0	0	0	0	1	1	0	2	507
0	7	3	0	0	0	0	0	0	0	1	0	1	0	2	1	1	0	2	508
0	0	0	0	0	0	0	0	0	0	1	0	0	0	2	0	0	0	2	509
0	1	5	0	0	0	0	0	0	0	1	1	1	2	2	0	0	0	2	510
0	1	1	0	0	0	0	0	0	0	0	0	0	0	2	1	1	0	1	511
0	5	3	0	0	0	0	0	0	0	1	1	1	2	0	0	0	0	2	512
0	4	0	0	0	0	0	0	0	0	0	0	0	0	0	1	1	1	1	513
0	7	3	0	0	0	0	0	0	0	1	0	1	0	2	1	1	0	2	514
0	6	3	0	0	0	0	0	0	0	1	1	1	0	0	0	0	0	2	515
0	4	0	0	1	0	0	0	0	0	1	0	0	0	2	1	1	0	2	516
0	8	3	0	0	0	0	0	0	0	1	1	1	0	2	0	0	0	2	517
0	8	2	0	2	0	0	0	0	0	0	0	0	0	0	0	0	0	1	518
0	1	3	0	0	0	0	0	0	0	1	1	1	0	2	0	0	0	2	519
0	3	1	0	1	0	0	0	0	0	0	0	0	0	2	0	0	0	1	520
0	2	1	0	0	0	0	0	0	0	0	0	0	1	0	0	1	1	1	521
0	6	0	0	0	0	0	0	0	0	1	1	0	0	0	0	0	0	1	522
0	8	3	0	2	0	0	0	0	0	1	1	1	0	2	0	0	0	2	523
0	0	0	0	0	0	0	0	0	0	1	1	0	0	0	0	0	0	2	524
0	8	0	0	0	0	0	0	0	0	1	0	0	0	2	0	0	0	1	525
0	5	1	0	1	0	0	0	1	0	1	0	0	0	2	1	1	0	2	526
0	4	0	0	0	0	0	0	0	0	1	0	0	0	2	1	1	0	2	527
0	5	0	0	0	0	0	0	0	0	1	0	0	0	0	0	0	0	1	528
0	0	2	0	0	0	0	0	0	0	0	0	0	0	2	0	0	0	1	529
0	2	1	0	0	0	0	0	0	0	0	0	0	1	2	1	1	1	1	530
0	6	2	0	1	0	0	0	0	0	1	0	0	0	2	0	0	0	1	531
0	2	0	0	0	0	0	0	0	0	1	0	0	0	2	0	0	0	1	532
0	8	0	0	0	0	0	0	0	0	1	0	0	0	2	0	0	0	2	533
0	4	1	0	0	0	1	0	1	0	1	1	1	0	2	0	0	0	2	534
0	6	2	0	0	0	0	0	0	0	0	0	0	0	0	0	1	0	2	535
0	9	1	0	0	0	0	0	0	0	0	0	0	1	0	0	1	1	0	536
0	2	1	0	0	0	0	0	0	0	0	0	0	1	0	0	1	1	1	537
0	3	1	0	1	0	0	0	0	0	0	0	0	0	2	0	1	0	2	538
0	8	0	0	0	0	0	0	0	0	1	0	0	0	2	0	0	0	2	539
0	8	3	0	0	0	0	0	0	0	1	0	0	0	2	0	0	0	2	540
0	7	3	0	0	0	0	0	0	0	1	0	0	0	2	0	0	0	2	541
0	3	1	0	0	0	0	0	0	0	0	0	0	0	2	1	1	0	2	542
0	4	5	0	0	0	0	0	0	0	1	1	1	0	2	1	0	0	2	543
0	3	0	0	0	0	0	0	0	0	0	0	0	0	0	0	0	0	1	544
0	9	3	0	0	0	0	0	0	0	1	1	1	0	2	1	1	0	2	545
0	7	2	0	0	0	0	0	0	0	1	0	0	0	2	0	3	0	1	546
0	2	0	0	0	0	0	0	0	0	1	1	0	0	2	0	0	0	1	547
0	3	3	0	0	0	0	0	0	0	1	1	1	0	2	0	0	0	2	548
2	9	8	0	0	0	0	0	0	0	1	1	5	0	2	4	6	5	1	549
2	4	9	0	0	0	0	0	0	0	3	1	5	0	2	4	6	5	2	550
2	9	5	0	0	0	0	0	0	0	0	0	0	1	1	1	7	1	9	551
2	4	8	0	0	0	0	0	0	0	1	1	5	0	2	4	6	5	2	552
2	2	8	0	2	0	0	0	0	0	1	1	1	0	2	4	6	0	1	553
2	4	5	0	0	0	1	0	0	0	0	0	0	1	1	1	7	1	4	554
2	9	9	0	0	0	0	0	0	0	0	0	0	1	1	1	7	1	5	555
2	8	9	0	0	0	2	0	0	0	1	1	5	0	2	4	6	5	2	556
2	2	9	0	0	0	0	0	0	0	1	1	1	0	2	4	5	0	2	557
2	4	8	0	0	0	0	0	0	0	1	1	1	0	2	4	6	0	2	558
2	4	9	0	0	0	0	0	0	0	1	1	5	0	2	4	6	5	2	559
2	8	8	0	0	0	2	0	0	0	1	1	1	0	2	4	6	0	2	560
2	7	9	0	0	0	0	0	0	0	3	1	5	0	2	4	6	5	2	561
2	4	5	0	0	0	0	0	0	0	0	0	0	1	0	1	7	1	9	562
2	4	9	0	1	0	0	0	0	0	3	1	5	0	2	4	6	5	2	563
2	2	9	0	0	0	0	0	0	0	1	0	1	1	2	4	6	0	1	564
2	9	5	0	0	0	0	0	0	0	0	0	0	1	0	5	7	1	4	565
2	4	5	0	0	0	0	0	0	0	0	0	0	1	1	1	7	1	9	566
2	2	8	0	0	0	0	0	0	0	1	0	1	1	2	4	5	0	1	567
2	2	8	0	0	0	0	0	0	0	1	1	1	0	2	4	6	0	1	568
2	7	9	0	0	0	0	0	0	0	1	1	5	0	2	4	6	5	2	569
2	9	8	0	0	0	0	0	0	0	1	1	5	0	2	4	6	5	2	570
2	4	9	0	0	0	0	0	0	0	0	0	0	1	1	1	7	1	9	164
2	2	9	0	0	0	0	0	0	0	1	1	1	0	2	4	6	0	2	571
2	4	5	0	0	0	0	0	0	0	0	0	0	1	1	1	7	1	9	572
2	7	9	0	0	0	0	0	0	0	3	1	5	0	2	4	6	5	2	573
2	7	9	0	0	0	0	0	0	0	3	1	5	0	2	4	6	5	2	574
2	2	8	0	0	1	0	0	0	0	1	1	1	0	2	4	6	0	2	575
2	2	5	0	0	0	0	0	0	0	0	0	0	1	1	1	7	1	9	142
2	4	5	0	0	0	0	0	0	0	0	0	0	1	0	1	7	1	7	576
2	8	8	0	0	0	2	0	0	0	1	0	1	1	0	5	6	0	2	577
2	4	8	0	0	0	0	0	0	0	1	1	1	0	2	4	5	0	1	578
2	7	8	0	0	0	0	0	0	0	1	1	1	1	2	4	5	0	1	579
2	2	8	0	0	0	0	0	0	0	1	0	1	1	2	4	5	0	1	580
2	4	7	0	0	1	0	0	1	0	0	0	1	1	2	4	6	0	1	581
2	4	8	0	0	0	0	0	0	0	1	1	1	0	2	4	5	0	1	582
2	2	9	0	0	0	0	0	0	0	0	0	0	1	1	1	7	1	4	142
2	4	7	0	0	0	0	0	0	0	1	0	1	0	3	3	5	0	0	583
2	2	7	0	0	0	0	0	0	0	1	0	1	1	2	4	6	0	1	584
2	9	5	0	0	0	0	0	0	0	0	0	0	1	1	1	7	1	7	142
2	4	9	0	0	0	0	0	0	0	0	0	0	1	1	1	7	1	9	585
2	9	5	0	0	0	0	0	0	0	0	0	0	1	1	1	7	1	7	586
2	2	9	0	0	0	0	0	0	0	0	0	0	1	1	1	7	1	5	138
2	2	7	0	0	0	0	0	0	0	1	0	1	1	2	4	6	0	1	587
2	8	5	0	0	0	0	0	0	0	0	0	0	1	1	1	7	1	8	588
2	8	9	0	0	0	0	0	0	0	1	1	1	0	2	4	6	0	2	589
2	2	7	0	0	0	0	0	0	0	1	0	1	1	2	4	6	0	1	590
2	2	5	0	0	0	1	0	0	0	0	0	0	1	1	1	7	1	5	142
2	8	7	0	0	0	0	0	0	0	1	0	1	1	2	4	6	0	1	591
2	2	9	0	0	0	0	0	0	0	0	0	0	1	1	1	7	1	5	138
2	9	7	0	0	0	0	0	0	0	1	0	1	1	2	4	5	0	1	592
2	4	8	0	0	0	0	0	1	0	1	1	1	0	0	5	6	0	2	593
2	7	9	0	0	0	0	0	0	0	3	1	5	0	2	4	6	5	2	594
2	4	5	0	0	0	0	0	0	0	0	0	0	1	1	1	7	1	9	595
2	2	9	0	0	0	0	0	0	0	0	0	0	1	1	1	7	1	5	138
2	8	8	0	0	0	0	0	0	0	1	1	1	0	2	4	6	0	2	596
2	2	8	0	0	0	0	0	0	0	1	0	1	1	2	4	5	0	1	597
2	4	5	0	0	0	0	0	0	0	0	0	0	1	1	1	7	1	9	598
2	8	9	0	0	0	0	0	0	0	0	0	0	1	1	1	7	1	5	138
2	2	8	0	0	0	0	0	0	0	1	0	1	1	2	4	5	0	1	599
2	8	9	0	1	0	0	0	0	0	1	0	1	1	2	4	6	0	1	600
3	7	8	0	0	0	0	0	0	0	2	2	3	3	1	5	5	3	6	601
3	9	7	0	0	0	0	0	0	0	3	3	5	2	1	5	6	5	6	602
3	4	7	0	0	0	0	0	0	0	3	3	3	2	0	5	5	3	6	603
3	8	5	0	0	0	0	0	0	0	3	3	3	2	0	5	5	3	6	604
3	9	7	0	0	0	0	0	0	0	3	3	5	2	1	5	6	5	6	605
3	9	9	0	0	0	1	0	0	0	2	2	3	3	2	4	5	3	3	606
3	7	7	0	0	0	0	0	0	0	2	2	3	2	1	5	5	3	6	607
3	9	7	0	0	0	0	0	0	0	3	2	3	2	1	5	6	3	6	608
3	4	7	0	0	0	0	0	0	0	2	2	3	2	0	5	5	3	6	609
3	2	7	0	0	0	0	0	0	0	3	3	5	2	1	5	6	5	6	610
3	7	5	0	0	0	1	0	0	0	1	1	5	0	2	4	6	5	3	611
3	9	9	0	0	0	0	0	0	0	4	4	2	3	2	3	4	2	3	612
3	8	5	0	0	0	4	0	0	0	3	3	5	2	0	4	6	5	3	613
3	9	7	0	0	0	0	0	0	0	3	3	5	2	1	5	5	5	6	614
3	9	9	0	0	0	7	0	0	0	3	3	3	2	2	4	5	3	3	615
3	9	8	0	1	0	0	0	0	0	2	2	3	3	0	4	5	3	6	616
3	2	7	0	1	0	0	0	0	0	3	3	5	2	1	5	6	5	6	617
3	4	7	0	0	0	0	0	2	0	3	3	3	2	0	5	5	3	6	618
3	7	5	0	0	0	2	0	0	0	1	1	5	0	2	4	6	5	3	619
3	8	9	0	0	0	1	0	0	0	2	2	3	2	2	3	5	3	3	620
3	4	7	0	0	0	0	0	1	0	3	3	3	2	0	5	5	3	6	621
3	7	8	0	0	0	1	0	0	0	0	0	0	1	0	5	7	1	2	622
3	4	9	0	0	0	0	0	5	0	3	3	5	2	1	5	5	5	3	623
3	2	7	0	0	0	0	0	6	0	2	2	2	3	2	4	5	2	6	624
3	8	7	0	0	0	7	0	1	0	3	3	5	2	0	5	6	5	3	625
3	0	9	0	0	0	4	0	0	0	3	3	5	2	2	4	5	5	3	626
3	7	8	0	0	0	4	0	0	0	2	2	3	3	0	4	5	3	6	627
3	9	9	0	1	0	0	0	1	0	2	2	3	2	0	4	5	3	6	628
3	4	8	0	2	0	0	0	0	0	2	2	2	3	0	4	5	2	6	629
3	2	7	0	0	0	0	0	0	0	3	3	3	2	0	5	6	3	6	630
3	4	7	0	0	0	0	0	5	0	3	3	5	0	0	5	6	5	3	631
4	3	7	0	0	1	5	0	6	0	2	2	2	3	4	3	6	2	3	632
4	8	7	0	0	0	2	0	2	0	2	3	2	2	7	8	8	2	0	633
4	8	7	0	0	0	2	0	2	0	3	1	3	0	7	8	8	3	4	634
5	1	7	0	0	0	0	0	0	0	7	7	8	7	5	6	5	8	6	635
5	8	6	0	1	0	0	0	0	0	7	7	8	7	6	6	5	8	6	636
5	7	6	0	0	0	0	0	0	0	7	7	8	7	5	6	5	8	6	637
5	1	6	0	0	0	0	0	0	0	7	7	8	7	5	6	5	8	6	638
5	0	7	0	1	0	0	0	2	0	7	5	6	5	6	6	4	6	3	639
5	0	6	0	0	0	0	0	0	0	7	7	8	7	6	6	5	8	6	640
5	2	4	0	0	0	0	0	0	0	7	7	8	7	6	6	5	8	3	641
5	5	6	0	0	0	0	0	0	0	7	7	8	7	6	6	5	8	6	642
5	3	7	0	0	0	0	0	0	0	7	7	8	7	6	6	5	8	6	643
5	2	6	0	0	0	0	0	0	0	7	7	8	7	6	6	5	8	3	644
5	7	4	0	0	0	0	0	0	0	7	7	8	7	6	6	5	8	3	645
5	3	4	0	0	0	0	0	0	0	7	7	8	7	6	6	5	8	6	646
5	3	6	0	0	0	0	0	0	0	7	7	8	7	6	6	5	8	6	647
5	2	6	0	0	0	0	0	0	0	7	7	8	7	6	6	5	8	6	648
5	6	4	0	0	0	0	0	0	0	7	7	8	7	6	6	4	8	3	649
5	9	4	0	0	0	0	0	0	0	7	7	8	7	5	6	4	8	6	650
5	0	4	0	0	0	0	0	0	0	7	7	8	7	6	6	4	8	6	651
5	7	6	0	0	0	0	0	0	0	7	7	8	7	6	6	5	8	6	652
5	3	6	0	0	0	0	0	0	0	7	7	8	7	6	6	5	8	6	653
5	5	4	0	0	1	0	0	0	0	7	7	8	7	5	2	5	8	6	654
5	1	6	0	0	0	0	0	0	0	7	7	8	7	6	6	5	8	6	655
5	6	4	0	0	0	0	0	0	0	7	7	8	7	6	6	5	8	3	656
5	8	4	0	0	0	0	0	0	0	7	5	8	7	6	6	4	8	3	657
5	6	6	0	1	0	0	0	0	0	7	7	8	7	6	6	5	8	3	658
5	9	4	0	0	0	0	0	0	0	7	7	8	7	6	6	4	8	6	659
5	1	4	0	0	0	0	0	0	0	7	7	8	7	6	6	5	8	6	660
5	4	4	0	0	0	0	0	0	0	7	7	8	7	6	6	4	8	6	661
5	0	6	0	0	0	0	0	0	0	7	7	8	7	6	6	5	8	6	662
5	4	4	0	0	0	0	0	0	0	7	7	8	7	6	6	5	8	3	663
5	9	4	0	0	0	0	0	0	0	7	7	8	7	6	6	5	8	3	490
5	7	6	0	0	0	0	0	0	0	8	7	8	7	6	2	5	8	6	664
5	0	4	0	1	0	0	0	0	0	7	7	8	7	6	6	5	8	3	665
5	7	6	0	0	0	0	0	0	0	7	7	8	7	6	6	5	8	6	666
5	5	6	0	0	0	0	0	0	0	7	7	8	7	6	6	5	8	6	667
5	3	4	0	0	0	0	0	0	0	7	7	8	7	6	6	5	8	6	668
5	2	4	0	0	0	0	0	0	0	7	7	8	7	6	6	4	8	3	669
5	1	4	0	1	0	0	0	0	0	7	7	8	7	5	2	5	8	6	670
5	2	6	0	0	0	0	0	0	0	7	7	8	7	6	6	5	8	3	671
5	0	7	0	0	0	0	0	0	0	7	7	8	7	6	6	4	8	3	672
5	3	4	0	0	0	0	0	0	0	7	7	8	7	6	6	4	8	6	673
5	1	6	0	0	0	0	0	0	0	7	7	8	7	6	6	5	8	6	674
5	7	6	0	0	0	0	0	0	0	7	7	8	7	6	6	5	8	6	675
5	0	4	0	1	0	0	0	0	0	7	7	8	7	6	6	5	8	6	676
5	7	4	0	0	0	0	0	0	0	7	7	8	7	6	6	4	8	6	677
5	8	6	0	0	0	0	0	0	0	7	7	8	7	6	6	5	8	3	678
5	2	6	0	0	0	0	0	0	0	7	7	8	7	6	6	5	8	6	679
5	8	4	0	0	0	0	0	0	0	7	7	8	7	6	6	4	8	3	680
5	5	4	0	0	0	0	0	0	0	7	7	8	7	5	2	5	8	6	681
5	8	4	0	0	0	0	0	0	0	7	5	8	7	6	6	5	8	3	682
5	6	6	0	0	0	0	0	0	0	7	7	8	7	6	6	5	8	6	683
5	1	7	0	0	0	0	0	0	0	7	7	8	7	6	6	5	8	6	684
5	1	4	0	0	0	0	0	0	0	7	7	8	7	6	6	5	8	6	685
5	2	6	0	0	0	0	0	0	0	7	7	8	7	5	6	4	8	6	686
5	0	6	0	0	0	0	0	0	0	7	7	8	7	6	6	5	8	6	687
5	0	4	0	0	0	0	0	0	0	7	7	8	7	6	6	5	8	6	688
5	9	6	0	0	0	0	0	0	0	7	7	8	7	6	6	5	8	6	689
5	5	6	0	0	0	0	0	0	0	7	7	8	7	6	6	5	8	6	690
0	7	2	0	1	0	0	0	0	0	1	0	0	0	2	0	0	0	1	691
0	3	3	0	0	0	0	0	0	0	1	1	1	2	3	1	0	0	2	692
0	1	3	0	0	0	0	0	0	0	1	1	1	2	4	1	0	5	2	693
0	5	3	0	0	0	0	0	0	0	3	1	1	2	3	1	0	5	2	694
0	0	0	0	0	0	0	0	0	0	1	1	1	0	2	1	0	0	2	695
0	2	3	0	0	0	0	0	0	0	1	1	1	2	3	1	0	0	2	696
0	0	3	0	0	0	0	0	0	0	1	1	1	2	4	1	0	0	1	697
0	9	2	0	0	0	0	0	1	0	1	1	1	2	3	1	3	0	1	698
0	8	0	0	0	0	0	0	0	0	1	1	1	0	2	0	3	0	1	699
0	0	0	0	1	0	0	0	0	0	1	1	1	0	3	0	3	0	1	700
0	8	1	0	0	1	0	0	0	0	1	1	1	0	2	0	0	0	3	701
0	2	0	0	1	0	0	0	0	0	1	1	1	0	2	0	0	0	1	702
0	2	2	0	0	0	0	0	0	0	1	1	1	0	3	0	3	0	1	703
0	0	0	0	0	0	0	0	0	0	1	1	0	0	2	0	3	0	1	704
0	1	1	0	0	0	0	0	0	0	1	1	1	2	2	0	3	0	2	705
0	7	5	0	0	0	0	0	0	0	1	1	1	2	3	1	0	0	2	706
0	5	0	0	0	0	0	0	0	0	1	1	1	0	2	0	3	0	1	707
0	6	1	0	0	0	1	0	0	0	1	1	1	0	2	0	3	0	1	708
0	3	3	0	1	0	0	0	0	0	1	1	1	2	3	1	0	0	2	709
0	5	3	0	1	0	0	0	0	0	1	1	1	0	3	1	0	0	1	710
0	6	0	0	0	0	0	0	0	0	1	1	1	0	3	1	0	0	2	711
0	8	3	0	0	0	0	0	0	0	1	1	1	0	2	0	0	0	2	712
0	5	3	0	0	0	0	0	0	0	1	1	1	2	3	1	0	5	2	713
0	4	2	0	0	0	0	0	0	0	1	1	1	2	3	0	3	0	2	714
0	4	2	0	1	0	0	0	0	0	1	1	1	0	2	0	3	0	1	715
0	3	3	0	0	0	0	0	0	0	1	1	1	2	3	1	0	0	2	716
0	8	2	0	1	0	0	0	0	0	1	1	1	0	2	0	0	0	2	717
0	2	1	0	0	0	0	0	0	0	1	1	1	0	2	0	0	0	2	718
0	5	1	0	0	0	0	0	0	0	1	1	1	2	2	0	3	0	1	719
0	4	3	0	0	0	0	0	0	0	1	1	1	2	2	0	3	5	2	720
0	2	1	0	0	0	0	0	0	0	1	1	1	2	3	0	3	5	2	721
0	2	0	0	1	0	0	0	0	0	1	1	1	0	2	0	3	0	1	722
0	6	2	0	0	0	0	0	0	0	1	1	1	0	2	0	0	0	1	723
0	2	3	0	0	0	0	0	0	0	1	1	1	0	3	1	0	0	2	724
0	0	2	0	0	0	1	0	0	0	1	1	1	0	3	0	3	0	1	725
0	7	1	0	0	0	0	0	0	0	1	1	1	2	2	0	0	5	3	726
0	0	3	0	0	0	0	0	0	0	1	1	1	2	3	1	0	5	2	727
0	0	1	0	0	0	1	0	1	0	1	1	1	2	3	0	3	5	2	728
0	8	0	0	0	0	0	0	0	0	1	1	1	0	2	0	3	0	1	729
0	2	2	0	0	0	1	0	0	0	1	1	1	2	3	0	3	5	1	730
0	3	1	0	0	1	1	0	0	0	1	1	1	0	3	0	3	0	1	731
0	0	0	0	0	0	0	0	1	0	1	1	1	0	3	1	0	0	1	732
0	2	0	0	0	0	0	0	0	0	1	1	1	0	2	0	0	0	2	733
0	6	2	0	2	0	0	0	0	0	1	1	1	0	2	0	3	0	1	734
0	0	1	0	0	0	0	0	1	0	1	1	1	2	3	0	3	5	2	735
0	2	1	0	0	0	0	0	0	0	1	1	1	2	3	0	3	5	2	736
0	1	1	0	0	0	0	0	0	0	1	1	1	2	3	0	3	0	1	737
0	8	1	0	0	0	0	0	0	0	1	1	1	0	2	0	0	0	2	738
0	0	0	0	0	0	1	0	0	0	1	1	1	0	2	0	0	0	2	739
0	8	3	0	1	0	0	0	0	0	1	1	1	0	3	0	0	0	1	740
1	7	0	0	0	0	0	0	1	0	2	2	2	3	3	2	4	2	3	741
1	4	0	0	0	0	0	0	0	0	4	2	2	3	3	6	8	2	2	742
1	7	0	0	0	0	0	0	0	0	4	2	4	3	4	6	8	4	3	743
1	5	0	0	0	0	0	0	1	0	2	2	2	3	3	2	8	2	2	744
1	1	0	0	0	0	0	0	1	0	2	2	2	3	3	2	4	2	3	745
1	3	0	0	0	0	0	0	1	0	2	2	2	3	4	2	4	2	2	746
1	4	0	0	0	1	1	0	1	0	2	2	2	3	3	2	4	2	3	747
1	5	0	0	0	0	0	0	0	0	4	4	4	3	4	6	8	4	3	748
1	7	0	0	0	0	1	0	0	0	2	2	2	3	4	2	4	2	3	749
1	5	0	0	0	0	0	0	0	0	2	2	2	3	3	2	4	2	3	750
1	0	0	0	0	0	0	0	0	0	4	4	2	3	3	2	8	2	3	751
1	7	0	0	1	0	0	0	0	0	2	2	2	3	3	2	4	2	2	752
1	5	0	0	0	0	0	0	0	0	2	2	2	3	3	2	4	2	2	753
1	1	0	0	1	1	0	0	0	0	4	4	4	3	4	2	8	4	3	754
1	8	3	0	0	1	0	0	0	0	2	2	2	3	3	2	8	2	2	755
1	4	0	0	0	0	1	0	0	0	4	2	2	3	4	2	4	2	3	756
1	7	0	0	0	0	0	0	0	0	4	2	2	3	3	2	8	2	3	757
1	6	2	0	0	0	0	0	0	0	2	2	2	3	3	2	8	2	2	758
1	6	0	0	0	0	0	0	1	0	2	2	2	3	4	2	8	2	2	759
1	1	0	0	0	0	0	0	1	0	4	2	2	3	4	2	8	2	3	760
1	5	0	0	0	0	1	0	1	0	2	2	2	3	4	2	4	2	2	761
1	3	0	0	0	0	1	0	1	0	2	2	2	3	3	2	8	2	2	762
1	7	0	0	0	0	2	0	1	0	2	2	2	3	3	3	4	2	3	763
1	4	0	0	0	0	0	0	0	0	2	2	2	3	3	2	8	2	2	764
1	4	0	0	1	0	0	0	0	0	2	2	2	3	3	2	8	2	3	765
1	4	0	0	0	0	0	0	0	0	2	2	2	3	3	2	4	2	2	766
1	3	2	0	0	0	0	0	0	0	2	2	2	3	3	2	4	2	3	767
1	0	0	0	0	0	0	0	0	0	2	2	2	3	3	2	4	2	3	768
1	6	0	0	0	0	0	0	0	0	2	2	2	2	3	2	4	2	2	769
1	9	0	0	0	1	0	0	0	0	2	2	2	3	3	2	4	2	2	770
1	7	0	0	0	0	0	0	0	0	4	2	4	3	4	6	8	4	2	771
1	9	0	0	0	0	0	0	0	0	2	2	2	3	3	2	8	2	2	772
1	5	0	0	0	0	1	0	1	0	4	2	4	3	4	6	8	4	2	773
1	5	0	0	0	0	0	0	1	0	2	3	3	2	3	3	5	3	3	774
1	9	0	0	0	0	0	0	0	0	4	2	2	3	3	2	8	2	2	775
1	0	0	0	1	0	0	0	1	0	4	2	2	3	4	6	8	2	2	776
1	5	0	0	0	0	0	0	0	0	2	2	2	3	3	2	4	2	3	777
1	0	0	0	0	0	1	0	1	0	4	2	2	3	4	2	8	2	2	778
1	4	0	0	0	0	1	0	0	0	4	2	2	3	4	6	8	2	2	779
1	7	0	0	0	0	0	0	0	0	4	2	4	3	4	6	8	4	2	780
1	4	0	0	0	0	1	0	0	0	4	2	2	3	3	2	8	2	2	781
1	9	0	0	0	0	0	0	0	0	2	2	2	3	3	2	8	2	2	782
1	4	0	0	0	0	1	0	0	0	4	2	4	3	4	6	8	4	2	783
1	4	0	0	1	0	0	0	1	0	2	2	2	3	3	2	8	2	2	784
1	8	3	0	0	0	0	0	0	0	4	2	2	3	4	6	8	2	2	785
1	4	0	0	0	0	1	0	1	0	4	4	4	3	3	2	8	4	2	786
1	0	0	0	0	0	1	0	1	0	4	2	2	3	4	6	8	2	2	787
1	6	2	0	0	0	0	0	0	0	2	2	2	3	3	2	4	2	3	788
1	0	0	0	0	0	0	0	2	0	4	2	2	3	3	2	8	2	3	789
1	7	0	0	1	0	0	0	0	0	4	2	2	3	4	2	8	2	2	790
1	5	0	0	0	0	0	0	0	0	2	2	2	3	3	3	4	2	3	791
1	7	0	0	0	0	0	0	0	0	2	2	2	3	3	2	4	2	3	792
1	4	0	0	0	0	0	0	0	0	2	2	2	3	3	2	8	2	2	793
1	5	0	0	0	1	0	0	1	0	2	2	2	3	3	2	4	2	3	794
1	3	0	0	0	1	1	0	1	0	4	2	2	3	3	2	4	2	3	795
1	6	2	0	0	1	0	0	0	0	2	2	2	3	3	2	4	2	2	796
1	5	0	0	0	0	0	0	1	0	2	2	2	3	3	2	4	2	3	797
1	2	3	0	0	0	1	0	1	0	4	2	2	3	4	6	8	2	2	798
1	7	0	0	1	0	1	0	1	0	4	2	2	3	3	2	8	2	3	799
1	8	3	0	0	0	0	0	1	0	2	2	3	2	3	3	4	3	3	800
1	9	0	0	0	0	0	0	0	0	2	2	2	3	3	2	4	2	2	801
1	7	0	0	0	0	0	0	1	0	4	2	2	3	3	2	4	2	3	802
1	8	3	0	0	1	0	0	1	0	2	2	2	3	3	2	8	2	2	803
1	1	0	0	0	0	1	0	0	0	2	2	2	3	3	2	4	2	2	804
1	9	0	0	0	0	0	0	0	0	2	2	2	3	3	3	4	2	3	805
1	5	0	0	0	0	0	0	0	0	4	2	4	3	4	6	8	4	2	806
1	1	0	0	0	0	1	0	1	0	4	4	4	3	4	6	8	4	2	807
1	0	0	0	0	0	1	0	1	0	2	2	2	3	3	2	4	2	3	808
1	1	0	0	0	0	1	0	0	0	2	2	2	3	3	2	4	2	2	804
1	9	0	0	0	0	0	0	0	0	2	2	2	3	3	2	8	2	2	809
1	0	0	0	0	0	0	0	1	0	4	2	4	3	4	6	8	4	2	810
1	0	0	0	1	0	1	0	1	0	4	2	4	3	4	6	8	4	2	811
1	8	3	0	1	0	0	0	0	0	2	2	2	3	4	2	8	2	2	812
1	5	0	0	0	0	0	0	0	0	4	2	2	3	4	2	8	2	3	813
1	1	0	0	0	0	1	0	1	0	4	2	2	3	3	2	8	2	3	814
1	5	0	0	0	1	0	0	0	0	4	2	2	3	4	2	4	2	3	815
1	0	0	0	1	0	2	0	0	0	2	2	2	3	4	6	8	2	2	816
1	5	0	0	0	0	0	0	0	0	4	4	4	3	4	2	8	4	3	817
1	6	0	0	1	1	1	0	1	0	2	2	2	3	3	2	4	2	2	818
1	1	0	0	0	0	0	0	1	0	2	2	2	3	3	2	8	2	2	819
1	3	0	0	0	0	0	0	0	0	4	2	2	3	4	2	8	2	2	820
1	6	2	0	0	1	0	0	1	0	2	2	2	2	3	2	4	2	2	821
1	0	0	0	0	0	1	0	0	0	4	4	4	3	4	6	8	4	2	822
1	5	0	0	0	1	0	0	0	0	4	2	2	3	3	2	8	2	3	823
1	1	0	0	1	0	0	0	0	0	4	4	4	3	4	6	8	4	2	824
1	8	3	0	1	0	1	0	0	0	2	2	2	3	4	2	8	2	2	825
1	9	0	0	0	0	0	0	0	0	4	2	2	3	3	2	8	2	2	826
1	4	0	0	0	0	1	0	0	0	4	2	2	3	3	2	8	2	3	827
1	0	0	0	0	0	1	0	0	0	4	2	2	3	4	6	8	2	2	828
1	7	0	0	0	0	1	0	1	0	4	2	4	3	4	6	8	4	2	829
1	1	0	0	0	0	0	0	0	0	4	2	4	3	4	6	8	4	2	830
1	4	0	0	0	0	1	0	1	0	4	2	2	3	3	2	4	2	3	831
1	8	3	0	1	0	0	0	0	0	2	2	2	3	4	6	8	2	2	832
1	8	3	0	0	0	0	0	0	0	4	2	2	3	4	6	8	2	2	833
1	5	0	0	0	0	0	0	0	0	2	2	2	3	3	2	4	2	3	834
1	1	0	0	1	0	0	0	0	0	4	4	4	3	3	2	8	4	3	835
1	3	2	0	0	1	0	0	1	0	4	2	2	3	4	2	4	2	2	836
1	3	0	0	0	0	0	0	1	0	2	2	2	3	3	2	4	2	3	837
1	7	0	0	0	0	0	0	0	0	4	2	2	3	4	2	4	2	3	838
1	0	0	0	0	0	1	0	0	0	4	4	4	3	4	6	8	4	2	839
1	6	2	0	0	0	0	0	0	0	2	2	2	3	3	2	8	2	2	840
1	4	0	0	0	0	1	0	1	0	2	2	2	3	3	2	4	2	3	841
1	1	0	0	0	0	0	0	0	0	4	2	4	3	4	6	8	4	2	842
1	2	3	0	0	1	0	0	1	0	4	2	4	3	4	6	8	4	2	843
1	3	2	0	0	0	0	0	1	0	2	2	2	3	3	2	4	2	3	844
1	9	0	0	1	0	1	0	0	0	4	2	2	3	4	6	8	2	2	845
1	9	0	0	0	1	0	0	1	0	2	2	3	3	2	3	4	3	3	846
1	1	0	0	0	0	1	0	1	0	4	2	2	3	3	2	8	2	2	847
1	7	0	0	0	0	0	0	0	0	4	2	2	3	4	2	8	2	2	848
1	7	0	0	0	0	0	0	0	0	4	2	2	3	4	2	8	2	3	849
1	0	0	0	0	1	1	0	1	0	2	2	2	3	3	2	4	2	3	850
1	2	3	0	1	0	0	0	0	0	4	2	2	3	4	6	8	2	2	851
1	1	0	0	0	1	1	0	1	0	4	2	4	3	4	6	8	4	2	852
1	1	0	0	0	0	0	0	0	0	4	2	4	3	4	2	8	4	3	853
1	1	0	0	0	0	1	0	0	0	2	2	2	3	3	2	8	2	2	854
1	3	0	0	0	0	1	0	0	0	2	2	2	3	4	2	4	2	2	855
1	2	0	0	0	0	0	0	0	0	2	2	2	3	3	2	8	2	2	856
1	6	2	0	0	0	1	0	1	0	2	2	2	3	4	2	4	2	2	857
1	9	0	0	0	0	0	0	0	0	2	2	2	3	3	2	4	2	3	858
1	0	0	0	0	0	1	0	0	0	2	2	2	3	3	2	4	2	3	859
1	6	0	0	0	0	1	0	0	0	2	2	2	3	4	2	4	2	2	860
1	0	0	0	0	0	1	0	0	0	4	2	2	3	4	6	8	2	2	861
1	5	0	0	0	0	1	0	0	0	4	2	2	3	3	2	4	2	3	862
1	2	0	0	0	0	0	0	0	0	2	2	2	3	3	2	4	2	2	863
1	0	0	0	0	0	1	0	0	0	4	2	4	3	4	6	8	4	2	864
1	7	0	0	0	0	0	0	0	0	4	2	2	3	4	2	8	2	3	865
1	0	0	0	0	0	0	0	0	0	4	2	2	3	3	2	8	2	3	866
1	6	2	0	0	0	0	0	0	0	4	2	2	3	3	2	8	2	2	867
1	5	0	0	0	0	1	0	1	0	4	2	2	3	4	2	4	2	3	868
1	1	0	0	0	0	1	0	0	0	4	2	4	3	4	6	8	4	3	869
1	9	0	0	0	0	1	0	0	0	4	4	4	3	4	6	8	4	2	870
1	6	0	0	0	2	0	0	1	0	2	2	2	3	3	2	4	2	2	871
1	4	0	0	0	0	1	0	0	0	2	2	2	3	3	2	4	2	3	872
1	2	3	0	0	0	1	0	0	0	2	2	2	3	3	2	8	2	2	873
1	6	2	0	0	0	1	0	1	0	2	2	2	3	3	2	4	2	2	874
1	0	0	0	0	0	1	0	2	0	2	2	2	3	3	2	4	2	3	875
1	4	0	0	0	0	1	0	1	0	2	2	2	3	3	3	4	2	3	876
1	9	0	0	0	0	1	0	0	0	2	2	2	3	3	2	8	2	2	877
1	3	2	0	0	0	0	0	0	0	2	2	2	3	3	3	4	2	3	878
2	3	8	0	1	0	0	0	0	0	1	0	1	1	3	3	5	0	0	879
2	0	9	0	0	0	0	0	0	0	1	1	5	0	2	3	5	5	1	880
2	3	8	0	0	0	0	0	0	0	1	0	1	1	2	3	5	0	0	881
2	9	9	0	0	1	1	0	0	0	0	0	0	1	2	5	6	1	0	882
2	6	9	0	1	0	0	0	0	0	3	1	5	0	3	3	5	5	1	883
2	5	8	0	0	0	0	0	0	0	1	0	1	1	2	3	5	0	1	884
2	3	9	0	0	0	0	0	0	0	1	0	1	1	2	4	5	0	1	885
2	3	5	0	0	0	0	0	0	0	0	0	0	1	0	5	7	1	9	886
2	0	8	0	0	0	0	0	0	0	1	1	5	0	2	3	5	5	1	887
2	5	8	0	0	0	0	0	1	0	1	0	1	1	2	4	5	0	1	888
2	9	8	0	0	0	0	0	0	0	0	0	0	1	0	5	6	1	8	889
2	5	9	0	0	0	1	0	0	0	1	1	1	0	2	4	5	0	2	890
2	5	9	0	0	0	1	0	0	0	1	1	1	0	2	4	5	0	1	891
2	2	8	0	0	0	0	0	0	0	0	0	1	1	2	4	6	0	4	892
2	3	8	0	0	0	0	0	0	0	1	0	1	1	2	4	5	0	0	893
2	3	5	0	0	0	0	0	0	0	0	0	0	1	0	1	7	1	9	142
2	3	5	0	0	0	0	0	0	0	0	0	0	1	0	1	7	1	9	142
2	5	9	0	0	0	0	0	0	0	1	1	5	0	2	4	5	5	2	894
2	5	5	0	0	0	0	0	0	0	0	0	0	1	0	1	7	1	8	142
2	6	8	0	0	0	0	0	0	0	1	1	1	0	3	3	5	0	1	895
2	5	5	0	0	0	0	0	0	0	0	0	0	1	1	1	7	1	9	142
2	5	8	0	0	0	0	0	0	0	1	0	1	1	2	4	5	0	1	884
2	1	8	0	0	0	0	0	0	0	1	1	1	0	2	4	5	0	1	896
2	5	8	0	0	0	0	0	0	0	1	0	1	1	3	3	5	0	0	897
2	3	8	0	0	0	0	0	0	0	0	0	1	1	2	4	5	0	0	898
2	1	8	0	0	0	0	0	0	0	1	1	1	0	2	3	5	0	1	899
2	7	8	0	0	0	2	0	0	0	0	0	1	1	2	4	6	0	4	900
2	3	5	0	0	0	0	0	0	0	0	0	0	1	0	5	7	1	7	901
2	1	9	0	0	0	0	0	0	0	1	1	1	1	0	4	6	0	1	902
2	7	8	0	0	0	0	0	0	0	1	1	1	0	2	3	5	0	1	899
2	0	9	0	1	0	0	0	0	0	1	1	1	0	2	4	6	0	2	903
2	5	5	0	0	0	0	0	0	0	0	0	0	1	1	1	7	1	0	142
2	5	5	0	0	0	0	0	0	0	0	0	0	1	1	1	7	1	9	142
2	5	9	0	0	0	0	0	0	0	1	1	1	0	2	4	6	0	1	904
2	0	9	0	0	0	0	0	0	0	1	1	5	0	3	3	5	5	2	905
2	3	5	0	0	0	0	0	0	0	0	0	0	1	1	1	7	1	7	906
2	1	8	0	0	0	0	0	0	0	1	1	1	0	2	3	5	0	1	907
2	5	5	0	0	0	0	0	0	0	0	0	0	1	1	1	7	1	8	142
2	1	5	0	0	0	0	0	0	0	0	0	0	1	0	5	7	1	7	908
2	7	8	0	0	0	2	0	0	0	1	0	1	1	2	4	5	0	0	909
2	6	8	0	0	0	0	0	0	0	1	1	1	0	2	3	5	0	1	910
2	1	5	0	0	0	0	0	0	0	0	0	0	1	0	5	6	1	4	911
2	6	5	0	0	0	0	0	0	0	0	0	0	1	0	5	6	1	7	912
2	1	5	0	0	0	0	0	0	0	0	0	0	1	0	1	7	1	9	142
2	8	8	0	0	0	0	0	0	0	0	0	0	1	0	1	7	1	9	913
2	3	5	0	0	0	0	0	0	0	0	0	0	1	0	5	7	1	9	142
2	2	9	0	0	0	0	0	0	0	0	0	0	1	0	1	7	1	9	914
2	5	9	0	0	0	0	0	0	0	1	0	1	1	2	4	6	0	1	915
2	0	8	0	0	0	0	0	0	0	1	1	5	0	2	3	5	5	1	916
2	1	8	0	0	0	0	0	0	0	1	1	1	0	2	3	5	0	1	917
2	6	5	0	0	0	0	0	0	0	0	0	0	1	0	5	6	1	7	918
2	3	5	0	0	0	0	0	0	0	0	0	0	1	0	5	7	1	9	142
2	3	9	0	1	0	0	0	0	0	1	0	1	1	2	4	5	0	1	919
2	2	8	0	0	0	0	0	0	0	0	0	0	1	0	5	6	1	8	920
2	6	8	0	0	0	0	0	0	0	1	1	1	0	2	3	5	0	1	921
2	9	9	0	0	0	0	0	0	0	0	0	0	1	0	5	6	1	4	922
2	3	9	0	0	0	0	0	0	0	1	0	1	1	2	4	5	0	0	923
2	2	8	0	0	0	0	0	0	0	0	0	0	1	0	5	6	1	7	911
2	1	5	0	0	0	0	0	0	0	0	0	0	1	0	5	6	1	7	913
2	8	8	0	0	0	0	0	0	0	0	0	0	1	0	5	7	1	7	924
2	5	9	0	0	0	1	0	0	0	1	1	1	0	2	4	6	0	1	925
2	9	9	0	0	0	0	0	0	0	0	0	0	1	0	5	6	1	9	926
3	1	8	0	1	0	0	0	0	0	4	4	4	4	3	2	4	4	3	927
3	2	7	0	0	0	0	0	0	0	3	3	3	2	3	3	5	3	2	928
3	7	9	0	0	0	0	0	0	0	4	4	4	4	3	2	8	4	3	929
3	9	8	0	0	0	0	0	0	0	2	2	3	2	2	3	4	3	3	930
3	5	8	0	2	0	0	0	0	0	2	2	2	3	2	3	4	2	3	931
3	0	9	0	0	0	8	0	0	0	3	3	3	2	3	3	5	3	2	932
3	0	8	0	0	0	0	0	2	0	2	2	2	3	2	3	4	2	3	933
3	0	9	0	0	0	4	1	2	1	2	2	2	3	3	3	4	2	3	934
3	2	9	0	0	0	1	0	1	0	2	3	3	2	2	3	4	3	3	935
3	9	8	0	0	0	4	0	0	0	2	2	3	3	2	3	4	3	3	936
3	4	5	0	0	0	0	0	0	0	4	4	4	4	3	2	8	4	3	937
3	9	8	0	0	0	0	0	0	0	4	4	4	4	3	2	8	4	3	938
3	0	9	0	0	0	0	0	3	0	2	2	2	3	2	3	4	2	3	939
3	5	7	0	0	0	1	0	0	0	2	2	3	2	2	4	5	3	3	940
3	4	7	0	1	0	0	0	0	0	4	4	4	4	3	2	4	4	3	941
3	1	7	0	0	0	0	0	0	0	2	2	3	2	2	4	5	3	3	942
3	1	9	0	0	0	0	0	2	0	2	2	2	3	3	3	4	2	3	943
3	8	8	0	0	0	3	2	2	0	3	3	5	0	2	4	5	5	2	944
3	9	9	0	0	0	0	0	1	0	3	3	3	2	2	4	5	3	3	945
3	8	7	0	0	0	0	0	0	0	3	3	3	2	2	3	5	3	2	946
3	4	7	0	0	0	0	0	0	0	4	2	2	3	3	2	4	2	3	947
3	3	8	0	0	0	0	0	0	0	4	4	2	3	3	2	4	2	3	948
3	5	8	0	0	0	0	0	0	0	4	2	2	3	3	2	4	2	3	949
3	2	9	0	0	0	0	0	2	0	3	3	3	2	2	4	5	3	3	950
3	9	9	0	0	0	0	0	2	0	3	3	5	2	2	4	5	5	3	951
3	4	8	0	0	0	0	0	0	0	4	4	4	4	3	2	4	4	3	952
3	1	8	0	0	0	0	0	0	0	4	4	4	3	3	2	8	4	3	953
3	4	5	0	0	0	0	0	0	0	4	4	4	4	3	2	8	4	3	954
3	9	9	0	0	0	3	1	0	0	2	2	2	3	3	3	4	2	3	955
3	4	7	0	0	0	0	0	0	0	2	2	2	3	2	3	4	2	3	956
3	4	7	0	1	0	0	0	0	0	4	2	2	3	3	3	4	2	3	957
3	5	8	0	0	0	0	0	1	0	2	2	3	3	2	3	5	3	3	958
3	2	8	0	0	0	0	0	0	0	2	2	2	3	2	3	4	2	3	959
3	7	5	0	0	0	1	0	0	0	4	4	4	4	4	2	4	4	3	960
3	1	7	0	1	0	0	0	0	0	2	2	3	3	2	3	4	3	3	961
3	3	8	0	0	0	0	0	0	0	4	2	2	3	3	3	4	2	3	962
3	7	8	0	0	0	0	0	0	0	4	4	4	3	3	2	8	4	3	963
3	7	9	0	0	0	0	0	6	0	2	2	3	2	2	3	4	3	3	964
3	1	7	0	1	0	0	0	0	0	2	2	3	3	2	3	4	3	3	965
3	2	7	0	0	0	0	0	0	0	3	3	3	2	2	3	5	3	3	966
3	6	9	0	0	0	0	0	0	0	4	2	2	3	3	2	4	2	3	967
3	4	7	0	0	0	0	0	0	0	2	2	2	3	3	3	4	2	3	968
3	8	7	0	1	0	0	0	0	0	3	1	5	0	3	3	5	5	2	969
3	3	9	0	0	0	1	0	1	0	3	3	3	2	2	4	5	3	3	970
3	8	7	0	0	0	0	0	0	0	3	3	3	2	2	3	5	3	2	971
3	4	7	0	0	0	0	0	0	0	2	2	2	3	2	3	4	2	3	972
3	8	8	0	0	0	0	0	0	0	2	2	2	3	3	2	4	2	2	973
3	3	7	0	0	0	0	0	0	0	2	3	3	2	2	4	5	3	3	974
3	3	9	0	0	1	0	0	0	0	2	2	2	3	3	3	4	2	3	975
3	7	9	0	1	0	0	0	0	0	4	4	4	4	3	2	8	4	3	976
3	9	9	0	0	0	0	0	0	0	3	3	3	2	2	4	5	3	3	977
3	9	8	0	0	0	1	0	1	0	3	3	3	2	2	4	5	3	3	978
3	5	9	0	0	0	7	0	0	0	3	3	5	2	2	4	5	5	2	979
3	9	8	0	0	0	4	0	0	0	2	2	2	3	3	2	4	2	3	980
3	0	8	0	0	0	0	0	0	0	4	4	4	3	4	2	4	4	3	981
3	9	9	0	0	0	0	0	0	0	2	3	3	2	2	3	5	3	3	982
3	9	9	0	0	0	8	2	0	0	2	2	2	3	2	3	5	2	3	983
6	7	8	0	0	0	0	0	0	0	1	1	1	0	1	4	4	0	1	984
6	3	4	0	0	0	0	0	0	0	1	1	1	0	0	4	4	0	1	985
6	6	4	0	0	0	0	0	0	0	1	1	1	0	1	4	5	0	1	986
6	3	7	0	0	0	0	0	0	0	1	1	1	0	1	5	5	0	1	987
6	1	9	0	1	0	0	0	0	0	1	1	1	1	9	5	5	0	2	988
6	1	8	0	1	0	0	0	0	0	1	1	1	1	1	5	5	0	1	989
6	3	7	0	0	0	0	0	0	0	1	1	1	0	1	4	4	0	1	990
6	6	7	0	0	0	0	0	0	0	1	1	1	1	1	5	5	0	1	991
6	6	8	0	0	0	0	0	0	0	1	1	1	1	1	5	5	0	2	992
6	3	9	0	3	0	0	0	0	0	1	1	1	1	9	5	5	0	2	993
6	6	9	0	1	0	0	0	0	0	1	1	1	1	0	5	5	0	1	994
6	6	7	0	0	0	0	0	0	0	1	1	1	0	1	4	5	0	1	995
6	5	8	0	1	0	1	0	0	0	1	1	1	0	0	4	4	0	1	996
6	3	7	0	1	0	0	0	0	0	1	1	1	0	0	4	5	0	1	997
6	1	7	0	0	0	0	0	0	0	1	1	5	0	0	4	4	5	1	998
6	7	7	0	0	0	0	0	0	0	1	1	5	0	2	3	4	5	1	999
6	1	8	0	0	0	0	0	0	0	1	1	1	0	1	4	4	0	1	1000
6	1	7	0	1	1	0	0	1	0	1	1	1	0	1	4	4	0	1	1001
6	1	9	0	0	0	0	0	0	0	1	1	1	0	0	4	5	0	2	1002
6	6	7	0	0	0	0	0	0	0	1	1	1	1	1	5	5	0	1	1003
6	0	9	0	2	0	0	0	0	0	1	1	1	0	0	4	5	0	2	1004
6	3	7	0	0	0	0	0	0	0	1	1	1	0	0	4	4	0	1	1005
6	5	7	0	0	0	0	0	0	0	1	1	1	0	1	4	4	0	1	1006
6	6	9	0	0	0	0	0	0	0	1	1	1	1	1	5	5	0	2	1007
6	0	8	0	0	0	0	0	0	0	1	1	1	0	1	4	4	0	1	1008
6	1	8	0	1	0	0	0	0	0	1	1	1	0	1	5	4	0	1	1009
6	7	8	0	0	0	0	0	0	0	1	1	1	0	0	4	4	0	1	1010
6	6	8	0	0	0	0	0	0	0	1	1	1	0	0	4	5	0	1	1011
6	7	8	0	1	0	0	0	0	0	1	1	1	0	1	4	4	0	1	1012
6	1	9	0	0	0	0	0	0	0	1	1	1	0	1	5	5	0	2	1013
6	6	6	0	0	0	0	0	0	0	1	1	1	0	0	4	4	0	1	1014
6	1	9	0	0	0	0	0	0	0	1	1	1	1	9	5	5	0	2	1015
6	1	9	0	0	0	0	0	0	0	1	1	1	0	1	5	5	0	2	1016
6	3	8	0	0	0	0	0	0	0	1	1	1	0	1	5	5	0	1	1017
6	6	8	0	0	0	0	0	0	0	1	1	1	1	1	5	5	0	1	1018
6	1	8	0	0	0	0	0	0	0	1	1	1	0	1	4	4	0	2	1019
6	7	7	0	0	0	0	0	0	0	1	1	5	0	0	3	4	5	1	1020
6	3	7	0	1	0	0	0	0	0	1	1	1	0	0	4	5	0	1	1021
6	3	7	0	1	0	0	0	0	0	1	1	1	0	0	4	4	0	1	1022
6	6	8	0	0	0	0	0	0	0	1	1	1	0	1	5	5	0	1	1023
6	1	7	0	0	1	0	0	0	0	1	1	5	0	0	4	4	5	1	1024
6	7	8	0	2	0	0	0	0	0	1	1	1	0	1	4	4	0	1	1025
6	6	8	0	0	0	0	0	0	0	1	1	1	1	1	5	5	0	1	1026
6	5	8	0	1	0	0	0	0	0	1	1	1	0	1	5	5	0	2	1027
6	1	4	0	0	0	0	0	0	0	1	1	5	0	2	3	4	5	1	1028
6	3	7	0	0	0	0	0	0	0	1	1	1	0	0	4	4	0	1	1029
6	1	4	0	0	0	0	0	0	0	1	1	5	0	0	4	4	5	1	1030
6	0	9	0	0	0	0	0	0	0	1	1	1	0	1	5	5	0	2	1031
6	1	8	0	0	0	0	0	0	0	1	1	1	0	1	4	5	0	1	1032
6	7	8	0	0	0	0	0	0	0	1	1	5	0	0	4	4	5	1	1033
6	0	8	0	1	0	0	0	0	0	1	1	1	0	0	4	4	0	1	1034
6	5	7	0	0	0	0	0	0	0	1	1	5	0	0	4	4	5	1	1035
6	5	4	0	0	0	0	0	0	0	1	1	5	0	0	4	4	5	1	1036
6	1	7	0	1	0	0	0	0	0	1	1	1	0	0	4	4	0	1	1037
6	7	8	0	0	0	0	0	0	0	1	1	5	0	0	4	4	5	1	1038
6	5	7	0	2	0	1	0	0	0	1	1	5	0	0	4	4	5	1	1039
6	6	7	0	0	0	0	0	0	0	1	1	1	1	0	4	5	0	1	1040
6	6	8	0	0	0	0	0	0	0	1	1	1	1	9	5	5	0	2	1041
6	1	9	0	0	0	0	0	0	0	1	1	1	1	9	5	5	0	2	1042
6	0	9	0	0	0	0	0	0	0	1	1	1	0	0	4	4	0	1	1043
6	5	8	0	0	0	0	0	1	0	1	1	1	0	1	4	4	0	1	1044
6	6	4	0	0	0	0	0	0	0	1	1	1	0	0	4	4	0	1	1045
6	6	8	0	1	0	0	0	0	0	1	1	1	1	1	5	5	0	2	1046
6	7	9	0	2	0	0	0	0	0	1	1	1	0	1	5	5	0	2	1047
6	1	4	0	0	0	0	0	0	0	1	1	5	0	2	3	4	5	1	1048
6	6	7	0	0	0	0	0	0	0	1	1	1	0	1	4	5	0	1	1049
6	1	7	0	0	0	0	0	0	0	1	1	5	0	2	3	4	5	1	1050
6	5	7	0	0	0	0	0	0	0	1	1	1	0	1	4	4	0	1	1051
6	7	9	0	0	0	0	0	0	0	1	1	1	0	0	4	5	0	2	1052
6	6	4	0	0	0	0	0	0	0	1	1	1	0	1	4	5	0	1	1053
6	6	7	0	1	0	0	0	0	0	1	1	1	0	1	4	4	0	1	1054
6	1	8	0	0	0	0	0	0	0	1	1	1	0	1	5	5	0	2	1055
6	5	4	0	0	0	0	0	0	0	1	1	5	0	2	3	4	5	1	1056
6	1	8	0	1	0	0	0	0	0	1	1	5	0	1	4	4	5	1	1057
6	6	9	0	0	0	0	0	0	0	1	1	1	1	9	5	5	0	1	1058
6	6	4	0	0	0	0	0	0	0	1	1	1	1	0	4	5	0	1	1059
6	5	9	0	0	0	0	0	0	0	1	1	1	0	1	5	5	0	2	1060
6	7	7	0	0	0	0	0	0	0	1	1	5	0	0	3	4	5	1	1061
6	7	8	0	0	0	0	0	0	0	1	1	1	0	0	4	4	0	1	1062
6	1	4	0	0	0	0	0	0	0	1	1	5	0	2	3	4	5	1	1063
6	6	7	0	1	0	0	0	0	0	1	1	1	1	1	5	5	0	1	1064
6	0	9	0	1	0	0	0	0	0	1	1	1	0	0	4	5	0	1	1065
6	7	7	0	2	0	0	0	0	0	1	1	5	0	0	4	4	5	1	1066
6	7	8	0	1	0	0	0	0	0	1	1	1	0	0	4	4	0	1	1067
6	6	8	0	0	0	0	0	0	0	1	1	1	1	1	5	5	0	2	1068
6	5	7	0	0	0	0	0	0	0	1	1	1	0	1	5	5	0	1	1069
6	5	7	0	0	0	0	0	0	0	1	1	1	0	1	4	4	0	1	1070
6	1	8	0	1	0	0	0	0	0	1	1	1	0	1	5	5	0	1	1071
6	0	4	0	0	0	0	0	0	0	1	1	5	0	0	3	4	5	1	1072
6	3	4	0	0	0	0	0	0	0	1	1	5	0	0	4	4	5	1	1073
6	6	9	0	0	0	0	0	0	0	1	1	1	1	9	5	5	0	2	1074
6	5	7	0	1	0	0	0	0	0	1	1	1	0	0	4	4	0	1	1075
6	6	4	0	0	0	0	0	0	0	1	1	1	1	0	4	5	0	1	1076
6	7	8	0	1	0	0	0	0	0	1	1	5	0	0	3	4	5	1	1077
6	6	8	0	0	0	0	0	0	0	1	1	1	1	9	5	5	0	2	1078
6	1	8	0	0	0	0	0	0	0	1	1	1	0	1	4	5	0	1	1079
6	1	7	0	1	0	0	0	0	0	1	1	5	0	0	3	4	5	1	1080
6	6	8	0	0	0	0	0	0	0	1	1	1	0	0	4	5	0	1	1081
6	6	7	0	0	0	0	0	0	0	1	1	1	1	1	5	5	0	2	1082
6	1	4	0	0	0	0	0	0	0	1	1	5	0	2	3	4	5	1	1083
6	1	7	0	0	1	0	0	0	0	1	1	5	0	0	4	4	5	1	1084
6	1	9	0	0	0	0	0	0	0	1	1	1	1	1	5	5	0	2	1085
6	6	7	0	0	0	0	0	0	0	1	1	1	0	0	4	5	0	1	1086
6	5	8	0	0	0	0	0	0	0	1	1	1	1	1	5	5	0	1	1087
6	1	8	0	0	0	0	0	0	0	1	1	1	0	0	4	4	0	1	1088
6	0	7	0	0	0	0	0	0	0	1	1	5	0	0	3	4	5	1	1089
6	1	9	0	1	0	0	0	0	0	1	1	1	0	1	5	5	0	2	1090
6	3	7	0	0	0	0	0	0	0	1	1	1	0	0	4	4	0	1	1091
6	3	8	0	0	0	0	0	0	0	1	1	1	0	1	5	5	0	2	1092
6	6	9	0	0	0	0	0	0	0	1	1	1	1	9	5	5	0	1	1093
6	3	8	0	1	0	0	0	0	0	1	1	1	0	1	4	4	0	1	1094
6	3	8	0	0	0	0	0	0	0	1	1	1	0	1	5	5	0	2	1095
6	1	7	0	0	0	0	0	0	0	1	1	5	0	1	4	4	5	1	1096
6	1	8	0	1	0	1	0	0	0	1	1	1	0	0	4	4	0	1	1097
6	7	8	0	0	0	0	0	0	0	1	1	1	0	1	4	4	0	1	1098
6	3	4	0	0	0	0	0	0	0	1	1	1	0	0	4	4	0	1	1099
6	6	7	0	0	0	0	0	0	0	1	1	1	1	0	4	5	0	1	1100
6	3	8	0	0	0	0	0	0	0	1	1	1	1	1	5	5	0	1	1101
6	3	8	0	1	0	0	0	0	0	1	1	1	0	1	5	5	0	2	1102
6	1	8	0	1	0	0	0	0	0	1	1	1	0	1	5	5	0	2	1103
6	6	8	0	0	0	0	0	0	0	1	1	1	1	1	5	5	0	2	1104
6	5	7	0	1	0	0	0	0	0	1	1	1	0	1	4	4	0	1	1105
6	7	8	0	0	0	0	0	0	0	1	1	5	0	0	4	4	5	1	1106
6	7	7	0	0	0	0	0	0	0	1	1	5	0	0	3	4	5	1	1107
6	1	8	0	0	0	0	0	0	0	1	1	1	0	1	5	5	0	2	1108
6	5	8	0	1	0	0	0	0	0	1	1	1	1	9	5	5	0	2	1109
6	0	8	0	0	0	0	0	0	0	1	1	1	0	0	4	5	0	1	1110
6	3	4	0	0	0	0	0	0	0	1	1	5	0	0	4	4	5	1	1111
6	1	7	0	0	0	0	0	0	0	1	1	5	0	0	4	4	5	1	1112
6	1	8	0	1	0	0	0	0	0	1	1	1	1	1	5	5	0	2	1113
6	1	8	0	1	0	0	0	0	0	1	1	1	0	1	5	4	0	1	1114
6	5	7	0	0	0	0	0	0	0	1	1	1	0	1	4	4	0	1	1115
6	7	7	0	0	0	0	0	0	0	1	1	5	0	0	4	4	5	1	1116
6	7	7	0	0	0	0	0	0	0	1	1	5	0	2	3	4	5	1	1117
6	1	8	0	0	0	0	0	0	0	1	1	1	1	1	5	5	0	1	1118
6	6	4	0	0	0	0	0	0	0	1	1	5	0	0	4	4	5	1	1119
6	5	7	0	0	0	0	0	0	0	1	1	5	0	0	3	4	5	1	1120
6	1	7	0	0	0	1	0	0	0	1	1	1	1	1	4	5	0	1	1121
6	3	4	0	1	0	0	0	0	0	1	1	1	0	0	4	4	0	1	1122
6	5	7	0	0	0	0	0	0	0	1	1	5	0	0	4	4	5	1	1123
6	6	9	0	0	0	0	0	1	0	1	1	1	1	1	5	5	0	1	1124
6	6	4	0	0	0	0	0	0	0	1	1	1	0	0	4	5	0	1	1125
6	3	4	0	0	0	0	0	0	0	1	1	1	0	0	4	4	0	1	1126
6	7	7	0	0	0	0	0	0	0	1	1	5	0	0	4	4	5	1	1127
6	3	7	0	1	0	0	0	0	0	1	1	1	0	1	4	5	0	1	1128
6	6	8	0	0	0	0	0	0	0	1	1	1	1	1	5	5	0	2	1129
6	6	8	0	0	0	0	0	0	0	1	1	1	1	1	5	5	0	1	1130
6	1	7	0	0	0	0	0	0	0	1	1	1	0	1	4	4	0	1	1131
6	5	7	0	1	0	0	0	0	0	1	1	1	0	0	4	4	0	1	1132
6	5	4	0	0	0	0	0	0	0	1	1	5	0	0	4	4	5	1	1133
6	6	7	0	0	0	0	0	0	0	1	1	1	1	1	4	5	0	1	1134
6	0	9	0	1	0	0	0	0	0	1	1	5	0	0	4	5	5	2	1135
6	3	4	0	1	0	0	0	0	0	1	1	5	0	0	3	4	5	1	1136
6	5	7	0	0	0	0	0	0	0	1	1	5	0	0	4	4	5	1	1137
6	6	4	0	2	0	0	0	0	0	1	1	1	0	1	4	5	0	1	1138
6	7	8	0	0	0	0	0	0	0	1	1	5	0	1	4	4	5	1	1139
6	1	9	0	0	0	0	0	0	0	1	1	1	0	1	4	5	0	1	1140
6	1	9	0	2	0	0	0	0	0	1	1	1	0	1	4	4	0	1	1141
6	3	8	0	1	0	0	0	0	0	1	1	1	0	0	4	5	0	2	1142
6	7	7	0	0	0	0	0	0	0	1	1	5	0	0	4	4	5	1	1143
6	6	7	0	0	0	0	0	0	0	1	1	1	0	0	4	4	0	1	1144
6	5	8	0	1	0	0	0	0	0	1	1	1	1	1	5	5	0	2	1145
6	5	9	0	0	0	0	0	0	0	1	1	1	0	0	4	5	0	1	1146
6	7	8	0	1	0	0	0	0	0	1	1	1	0	1	4	4	0	1	1147
6	3	7	0	0	0	0	0	0	0	1	1	1	0	1	4	5	0	1	1148
6	1	8	0	0	0	0	0	0	0	1	1	1	1	1	5	5	0	2	1149
6	1	7	0	0	0	1	0	0	0	1	1	5	0	1	4	4	5	1	1150
6	7	7	0	0	0	0	0	0	0	1	1	5	0	2	3	4	5	1	1151
6	5	8	0	1	0	0	0	0	0	1	1	1	1	1	5	5	0	1	1152
6	6	8	0	1	0	0	0	0	0	1	1	1	0	1	5	5	0	2	1153
4	8	9	0	0	1	0	0	0	0	0	0	0	1	0	1	7	1	9	137
4	2	9	0	0	0	0	0	0	0	0	0	0	1	0	1	7	1	9	368
4	2	9	0	0	0	0	0	0	0	0	0	0	1	0	1	7	1	9	142
4	2	8	0	0	0	0	0	0	0	0	0	0	1	0	5	7	1	9	1154
4	8	9	0	0	0	1	0	0	0	0	0	0	1	0	5	7	1	7	1155
4	2	8	0	0	0	0	0	0	0	0	0	0	1	0	5	7	1	7	1156
4	8	7	0	0	0	9	3	2	0	3	3	3	2	4	2	5	3	1	1157
4	9	9	0	1	0	1	0	0	0	0	0	0	1	0	5	6	1	7	1158
4	8	8	0	0	0	0	0	0	0	0	0	0	1	0	5	7	1	9	1159
4	8	7	0	0	0	0	0	0	0	0	0	0	1	0	5	7	1	7	1160
4	2	8	0	0	0	1	0	0	0	0	0	0	1	2	5	7	1	7	1161
4	2	9	0	0	0	0	0	0	0	0	0	0	1	0	5	7	1	9	1162
4	2	9	0	0	0	0	0	0	0	0	0	0	1	0	5	7	1	9	1163
4	2	7	0	0	0	1	0	0	0	0	0	1	1	2	5	7	0	4	1164
4	8	5	0	0	1	1	0	0	0	0	0	0	1	0	5	6	1	7	1165
4	8	8	0	0	0	0	0	0	0	0	0	0	1	0	5	7	1	9	1166
4	9	8	0	0	0	0	0	0	0	0	0	0	1	2	5	7	1	7	1167
4	8	8	0	0	0	0	0	0	0	0	0	0	1	0	5	6	1	9	918
4	2	8	0	0	0	0	0	0	0	0	0	0	1	0	5	7	1	9	1168
4	2	7	0	0	0	1	0	0	0	0	0	1	1	2	5	6	0	0	1169
4	2	7	0	0	0	0	0	0	0	0	0	0	1	2	5	6	1	7	1170
4	9	9	0	0	0	0	0	0	0	0	0	0	1	0	5	7	1	7	1171
4	9	8	0	0	0	1	0	0	0	0	0	0	1	0	5	6	1	7	1172
4	8	5	0	0	0	0	0	0	0	0	0	0	1	1	1	7	1	9	142
4	2	8	0	0	0	0	0	0	0	0	0	0	1	0	5	6	1	7	1173
4	9	8	0	0	0	0	0	0	0	0	0	0	1	2	5	6	1	8	1174
4	2	7	0	0	1	8	4	3	2	1	1	1	0	2	4	7	0	0	1175
4	8	9	0	0	0	0	0	0	0	0	0	0	1	0	5	7	1	9	1176
4	2	9	0	0	0	0	0	0	0	0	0	0	1	0	5	7	1	9	142
4	8	8	0	0	1	1	0	1	0	0	0	1	1	2	4	6	0	8	1177
4	2	9	0	0	0	0	0	0	0	0	0	0	1	0	5	7	1	9	1178
4	2	9	0	0	0	0	0	0	0	0	0	0	1	0	1	7	1	9	1179
4	2	9	0	0	0	0	0	0	0	0	0	0	1	0	5	7	1	9	1180
4	8	7	0	0	0	7	1	5	0	3	3	3	2	5	2	5	3	1	1181
4	8	9	0	0	0	0	0	0	0	0	0	0	1	0	5	7	1	9	1182
4	2	7	0	0	0	0	0	0	0	0	0	0	1	2	5	7	1	8	1183
4	9	8	0	0	0	2	0	1	0	0	0	0	1	2	5	6	1	8	1184
4	9	8	0	0	0	1	0	0	0	0	0	0	1	2	5	7	1	8	1185
4	2	9	0	0	0	0	0	0	0	0	0	0	1	0	5	7	1	9	1186
4	8	8	0	0	0	0	0	0	0	0	0	0	1	0	5	7	1	9	1187
4	9	8	0	0	0	0	0	0	0	0	0	0	1	2	4	6	1	8	1188
4	8	9	0	0	0	0	0	0	0	0	0	0	1	0	5	7	1	9	1189
4	8	9	0	0	0	0	0	0	0	0	0	0	1	1	1	7	1	9	142
4	2	7	0	0	0	6	5	1	0	1	1	1	0	2	5	6	0	0	1190
4	8	7	0	0	0	5	0	5	1	3	1	3	0	4	2	5	3	1	1191
4	2	7	0	0	0	0	0	0	0	0	0	0	1	2	5	6	1	7	1192
4	2	8	0	0	0	0	0	0	0	0	0	0	1	0	5	7	1	9	1193
4	2	7	0	0	0	0	0	0	0	0	0	0	1	2	5	7	1	8	1194
4	8	9	0	0	0	0	0	0	0	0	0	0	1	0	5	7	1	9	1195
4	9	8	0	0	1	4	6	1	0	0	0	1	1	2	4	6	0	4	1196
5	9	7	0	0	0	0	0	0	0	8	8	8	8	4	3	5	8	6	1197
5	9	6	0	0	0	0	0	0	0	8	8	8	8	3	3	6	8	5	1198
5	8	4	0	0	0	0	0	0	0	8	8	8	8	4	3	5	8	6	1199
5	8	4	0	0	0	0	0	0	0	8	8	8	8	3	3	5	8	6	1200
5	6	6	0	0	0	0	0	0	0	8	8	8	8	3	3	6	8	5	1201
5	9	8	0	0	0	0	0	0	0	8	8	8	8	4	3	5	8	6	1202
5	1	4	0	0	0	0	0	0	0	8	8	8	8	3	3	5	8	6	1203
5	2	4	0	0	0	0	0	0	0	8	8	8	8	4	3	5	8	6	1204
5	9	8	0	0	0	0	0	0	0	8	8	8	8	4	3	5	8	6	1205
5	4	6	0	0	0	0	0	0	0	8	8	8	8	3	3	5	8	5	1206
5	6	6	0	0	0	0	0	0	0	8	8	8	8	3	3	5	8	5	1207
5	4	9	0	0	0	0	0	0	0	8	8	8	8	4	2	5	8	6	1208
5	7	6	0	0	0	0	0	0	0	8	8	8	8	3	3	5	8	6	1209
5	2	6	0	0	0	0	0	0	0	8	8	8	8	3	3	5	8	6	1210
5	5	6	0	0	0	0	0	0	0	8	8	8	8	3	3	6	8	6	1211
5	8	4	0	0	0	0	0	0	0	8	8	8	8	4	3	5	8	6	1212
5	4	6	0	0	0	0	0	0	0	8	8	8	8	3	3	5	8	6	1213
5	9	6	0	0	0	0	0	0	0	8	8	8	8	3	3	6	8	6	1214
5	8	6	0	0	0	0	0	0	0	8	8	8	8	3	3	5	8	6	1215
5	9	4	0	0	0	0	0	0	0	8	8	8	8	4	3	5	8	6	1216
5	9	8	0	0	0	0	0	0	0	8	8	8	8	4	3	6	8	6	1217
5	0	6	0	0	0	0	0	0	0	8	8	8	8	3	4	7	8	5	1218
5	7	6	0	1	0	0	0	0	0	8	8	8	8	3	3	5	8	6	1219
5	9	6	0	0	0	0	0	0	0	8	8	8	8	3	3	5	8	6	1220
5	9	6	0	0	0	0	0	0	0	8	8	8	8	3	3	6	8	6	1221
5	8	6	0	0	0	0	0	0	0	8	8	8	8	3	3	5	8	6	1222
5	8	6	0	0	0	0	0	0	0	8	8	8	8	3	3	5	8	6	1223
5	4	6	0	0	0	0	0	0	0	8	8	8	8	3	3	6	8	6	1224
5	2	6	0	0	0	0	0	0	0	8	8	8	8	3	3	6	8	5	1225
5	9	8	0	0	0	0	0	0	0	8	8	8	8	4	2	5	8	6	1226
5	4	7	0	0	0	0	0	0	0	8	8	8	8	4	3	5	8	6	1227
5	9	9	0	0	0	0	0	0	0	8	7	8	8	5	2	6	8	6	1228
5	9	4	0	0	0	0	0	0	0	8	8	8	8	3	3	5	8	6	1229
5	5	6	0	0	0	0	0	0	0	8	8	8	8	3	3	5	8	6	1230
5	5	6	0	0	0	0	0	0	0	8	8	8	8	3	4	6	8	5	1231
5	8	6	0	0	0	0	0	0	0	8	8	8	8	3	3	6	8	6	1232
5	1	4	0	0	0	0	0	0	0	8	8	8	8	4	3	5	8	6	1233
5	8	4	0	0	0	0	0	0	0	8	8	8	8	4	3	5	8	6	1234
5	8	4	0	0	0	0	0	0	0	8	8	8	8	3	3	5	8	6	1235
5	8	4	0	0	0	0	0	0	0	8	8	8	8	4	3	5	8	6	1236
5	9	4	0	0	0	0	0	0	0	8	8	8	8	3	3	5	8	6	1237
5	8	4	0	0	0	0	0	0	0	8	8	8	8	4	3	5	8	6	1238
5	1	6	0	0	0	0	0	0	0	8	8	8	8	4	4	6	8	6	1239
5	2	6	0	0	0	0	0	0	0	8	8	8	8	3	3	5	8	5	1240
0	9	1	0	1	0	0	0	0	0	1	0	0	0	2	0	0	0	1	1241
0	8	2	0	1	0	0	0	0	0	0	0	0	0	2	1	1	0	1	1242
0	4	2	0	0	0	0	0	0	0	1	0	1	0	2	1	0	0	2	1243
0	8	1	0	0	0	0	0	0	0	1	0	1	0	2	1	1	0	1	1244
0	1	0	0	0	0	1	0	1	0	1	1	1	0	2	0	3	0	2	1245
0	2	1	0	0	0	0	0	0	0	0	0	0	0	2	1	1	0	1	1246
0	9	1	0	1	0	0	0	0	0	1	0	0	0	2	1	1	0	2	1247
0	2	2	0	0	0	0	0	0	0	1	0	0	0	2	0	0	0	1	1248
0	9	1	0	0	0	0	0	0	0	1	1	1	0	2	1	1	0	2	1249
0	6	2	0	1	0	1	0	0	0	1	0	0	0	2	0	0	0	1	1250
0	7	2	0	0	0	0	0	0	0	1	1	0	0	2	0	3	0	1	1251
0	1	2	0	0	0	1	0	0	0	1	1	0	0	2	0	0	0	1	1252
0	8	2	0	1	0	0	0	0	0	1	0	1	0	2	1	1	0	2	1253
0	5	0	0	1	0	0	0	0	0	1	0	0	0	2	1	1	0	2	1254
0	4	2	0	0	0	0	0	0	0	1	1	1	0	2	0	0	0	1	1255
0	3	1	0	1	0	0	0	0	0	1	0	0	0	2	0	0	0	2	1256
0	3	0	0	0	0	0	0	0	0	1	0	1	0	2	1	1	0	2	1257
0	2	1	0	0	0	0	0	0	0	1	0	0	0	2	0	0	0	1	1258
0	4	0	0	1	0	0	0	0	0	1	1	1	0	2	0	3	0	2	1259
0	5	0	0	1	0	0	0	0	0	1	1	1	0	0	0	1	0	3	1260
0	6	1	0	0	0	0	0	0	0	0	0	0	0	2	0	1	0	1	1261
0	9	1	0	0	0	0	0	0	0	1	0	1	0	2	1	1	0	3	1262
0	4	3	0	0	0	0	0	1	0	1	1	1	0	0	0	1	0	3	1263
0	0	1	0	1	0	0	0	0	0	0	0	0	0	2	0	1	0	2	1264
0	0	0	0	1	0	0	0	0	0	1	0	0	0	2	0	0	0	1	1265
0	6	1	0	0	0	0	0	0	0	0	0	0	0	0	0	1	0	2	1266
0	8	2	0	0	0	0	0	0	0	0	0	0	0	2	1	1	0	2	1267
0	4	3	0	1	0	0	0	0	0	1	1	1	2	2	0	3	5	2	1268
0	9	0	0	0	0	0	0	0	0	1	1	1	0	2	1	1	0	2	1269
0	1	0	0	0	0	0	0	0	0	1	0	1	0	2	1	1	0	2	1270
0	0	2	0	0	0	0	0	0	0	0	0	0	0	0	0	1	0	2	1271
0	7	1	0	0	0	0	0	0	0	1	1	1	0	2	0	1	0	2	1272
0	7	3	0	0	0	0	0	0	0	1	1	1	2	2	0	0	0	3	1273
0	4	3	0	2	0	0	0	0	0	1	1	1	2	2	0	3	0	2	1274
0	9	2	0	0	0	0	0	0	0	1	1	1	0	2	0	0	0	2	1275
0	0	1	0	0	0	0	0	0	0	1	0	1	0	2	1	1	0	2	1276
0	3	0	0	1	0	0	0	0	0	1	1	1	0	2	0	0	0	1	1277
0	1	0	0	0	0	1	0	0	0	1	0	1	0	2	1	0	0	2	1278
0	9	0	0	0	0	0	0	0	0	1	1	1	0	2	0	0	0	2	1279
0	6	2	0	0	0	0	0	0	0	1	0	0	0	2	0	0	0	2	1280
0	6	2	0	0	0	0	0	0	0	1	1	0	0	0	0	1	0	2	1281
0	0	1	0	0	0	0	0	0	0	1	0	0	0	2	0	0	0	2	1282
0	4	2	0	0	0	0	0	0	0	0	0	0	0	2	1	1	0	1	1283
0	2	2	0	1	0	0	0	0	0	0	0	0	0	2	1	1	0	2	1284
2	1	5	0	0	0	0	0	0	0	0	0	0	1	0	5	6	1	7	913
2	2	5	0	0	0	0	0	0	0	0	0	0	1	0	5	6	1	4	148
2	9	5	0	0	0	0	0	0	0	0	0	0	1	0	5	6	1	9	1285
2	3	9	0	0	0	0	0	0	0	0	0	0	1	1	1	7	1	7	1286
2	7	5	0	0	0	0	0	0	0	0	0	0	1	0	5	6	1	4	1287
2	1	5	0	0	0	0	0	0	0	0	0	0	1	0	5	6	1	8	1288
2	1	5	0	0	0	0	0	0	0	0	0	0	1	0	5	7	1	7	1289
2	4	5	0	0	0	0	0	0	0	0	0	0	1	0	5	6	1	7	1290
2	4	5	0	0	0	0	0	0	0	0	0	0	1	0	5	7	1	7	142
2	0	5	0	0	0	0	0	0	0	0	0	0	1	0	5	7	1	9	1289
2	3	5	0	0	0	0	0	0	0	0	0	0	1	0	5	6	1	7	1291
2	3	9	0	0	0	0	0	0	0	0	0	0	1	1	1	7	1	9	886
2	0	5	0	0	0	0	0	0	0	0	0	0	1	0	5	6	1	8	911
2	2	5	0	1	0	0	0	0	0	0	0	1	1	2	4	6	0	4	1292
2	3	9	0	0	0	0	0	0	0	0	0	0	1	1	1	7	1	8	1293
2	5	5	0	0	0	0	0	0	0	0	0	0	1	0	5	6	1	4	1294
2	3	5	0	0	0	0	0	0	0	0	0	0	1	0	1	7	1	9	913
2	4	5	0	0	0	0	0	0	0	0	0	0	1	0	5	6	1	8	1295
2	0	5	0	0	0	0	0	0	0	0	0	0	1	0	5	6	1	8	913
2	0	5	0	0	0	0	0	0	0	0	0	0	1	0	5	6	1	8	1296
2	5	5	0	0	0	0	0	0	0	0	0	0	1	0	5	6	1	0	1297
2	5	5	0	0	0	0	0	0	0	0	0	0	1	0	5	6	1	4	1298
2	6	9	0	0	0	0	0	0	0	0	0	0	1	0	1	7	1	0	142
2	5	5	0	0	0	0	0	0	0	0	0	0	1	0	5	6	1	4	1299
2	0	5	0	0	0	0	0	0	0	0	0	0	1	0	5	6	1	8	1300
2	1	5	0	0	0	0	0	0	0	0	0	0	1	0	5	6	1	9	1301
2	1	5	0	0	0	0	0	0	0	0	0	0	1	0	5	7	1	7	1289
2	6	5	0	0	0	0	0	0	0	0	0	0	1	0	1	7	1	9	886
3	1	9	0	0	0	0	0	0	0	1	1	5	0	4	2	4	5	0	1302
3	0	9	0	0	0	0	0	2	0	0	0	1	1	2	4	6	0	0	1303
3	9	5	0	0	0	1	0	0	0	1	1	5	0	4	3	5	5	1	1304
3	5	3	0	0	0	1	0	0	0	1	1	5	0	2	3	5	5	1	1305
3	1	3	0	0	0	0	0	0	0	1	1	1	0	2	4	5	0	1	1306
3	5	5	0	1	0	1	0	0	0	1	1	5	0	2	3	5	5	1	1307
3	2	5	0	0	0	0	0	0	0	3	1	5	0	4	2	5	5	1	1308
3	3	9	0	0	0	0	0	0	0	1	1	1	0	2	4	6	0	2	1309
3	7	5	0	1	0	0	0	0	0	1	1	5	0	4	3	5	5	1	1310
3	3	5	0	0	0	0	0	0	0	1	0	1	1	2	4	5	0	1	1311
3	6	5	0	1	0	0	0	0	0	0	0	0	1	1	5	6	1	1	1312
3	2	9	0	0	0	0	0	0	0	1	1	5	0	3	3	5	5	0	1313
3	1	3	0	0	0	0	0	0	0	1	1	1	0	2	4	5	0	1	1314
3	0	9	0	0	0	0	0	0	0	1	1	1	0	2	4	5	0	1	1315
3	1	5	0	0	0	1	0	0	0	1	1	1	0	3	3	5	0	1	1316
3	7	3	0	0	0	0	0	0	0	1	1	5	0	3	3	5	5	1	1317
3	0	5	0	0	0	0	0	0	0	1	1	1	0	2	4	5	0	1	1318
3	6	5	0	0	0	1	0	0	0	1	1	1	0	3	3	5	0	1	1319
3	3	5	0	0	0	0	0	0	0	1	1	1	0	2	3	5	0	1	1320
3	6	5	0	1	0	0	0	0	0	0	0	1	1	0	5	6	0	1	1321
3	4	5	0	0	0	1	0	0	0	3	1	5	0	4	2	5	5	1	1322
3	2	5	0	0	0	1	0	0	0	1	1	5	0	3	3	5	5	1	1323
3	5	5	0	0	0	0	0	0	0	1	1	5	0	3	3	5	5	1	1324
3	5	9	0	0	0	0	0	0	0	1	1	1	0	2	4	5	0	1	1325
3	6	9	0	0	0	0	0	0	0	1	1	1	0	2	4	6	0	1	1326
3	5	5	0	0	0	2	0	0	0	1	0	1	1	2	4	6	0	1	1327
3	8	5	0	0	1	1	0	0	0	1	1	5	0	3	3	5	5	1	1328
3	9	5	0	0	0	0	0	0	0	0	0	0	1	0	5	6	1	8	1329
3	5	3	0	0	0	1	0	0	0	1	1	1	0	2	3	5	0	1	1330
3	7	9	0	1	0	0	0	0	0	1	1	5	0	3	3	5	5	1	1331
3	9	5	0	0	0	0	0	0	0	1	1	5	0	3	3	5	5	1	1332
3	8	5	0	0	0	1	0	0	0	3	1	3	0	4	2	4	3	1	1333
4	5	8	0	0	1	4	0	2	0	1	0	1	0	3	4	7	0	4	1334
4	7	8	0	0	1	8	1	7	3	3	3	3	2	4	3	6	3	2	1335
4	7	9	0	0	0	1	0	0	0	0	0	0	1	2	5	7	1	7	1336
4	0	5	0	0	0	0	0	0	0	0	0	0	1	0	1	7	1	9	142
4	5	7	0	1	0	0	0	0	0	0	0	0	1	2	4	7	1	8	1337
4	6	8	0	0	1	0	0	0	0	0	0	0	1	2	5	7	1	7	1338
4	5	8	0	0	0	0	0	0	0	0	0	0	1	2	5	7	1	7	1339
4	1	5	0	0	0	0	0	0	0	0	0	0	1	0	1	7	1	9	142
4	0	8	0	0	0	0	0	0	0	0	0	0	1	2	5	7	1	7	1340
4	6	8	0	0	0	0	0	0	0	0	0	0	1	2	5	7	1	9	1341
4	1	8	0	0	0	0	0	0	0	0	0	0	1	2	5	6	1	9	1342
4	6	9	0	0	0	0	0	0	0	0	0	0	1	0	5	7	1	9	1343
4	6	9	0	0	0	0	0	0	0	0	0	0	1	0	1	7	1	9	1344
4	3	7	0	0	1	2	1	1	1	0	0	1	1	3	4	7	0	4	1345
4	0	5	0	0	0	0	0	0	0	0	0	0	1	0	1	7	1	9	908
4	3	5	0	0	0	0	0	0	0	0	0	0	1	1	1	7	1	3	1346
4	7	8	0	0	1	7	2	4	4	2	3	3	2	3	3	6	3	2	1347
4	5	8	0	1	0	0	0	0	0	0	0	0	1	2	5	7	1	7	1348
4	1	9	0	0	1	2	0	1	0	0	0	0	1	2	5	7	1	7	1349
4	3	8	0	0	0	0	0	0	0	0	0	0	1	2	5	7	1	8	1350
4	6	5	0	0	0	0	0	0	0	0	0	0	1	1	1	7	1	4	142
4	1	5	0	0	0	0	0	0	0	0	0	0	1	0	1	7	1	9	1351
4	5	9	0	0	0	2	0	0	0	0	0	0	1	2	4	6	1	8	1352
4	6	5	0	0	0	0	0	0	0	0	0	0	1	1	1	7	1	1	1353
4	1	8	0	0	0	0	0	0	0	0	0	0	1	2	4	6	1	8	1354
4	6	5	0	0	0	0	0	0	0	0	0	0	1	0	1	7	1	1	1355
4	6	7	0	0	1	5	2	8	5	5	9	9	9	5	2	6	9	3	1356
4	3	9	0	0	0	0	0	0	0	0	0	0	1	2	5	7	1	8	1357
4	3	7	0	1	0	0	0	0	0	0	0	0	1	2	5	7	1	7	1358
4	5	5	0	0	0	0	0	0	0	0	0	0	1	1	1	7	1	7	142
4	1	9	0	0	0	1	0	0	0	0	0	0	1	2	5	6	1	7	1359
4	3	7	0	0	0	0	0	0	0	0	0	0	1	2	5	7	1	8	1360
4	6	8	0	0	0	1	0	0	0	0	0	0	1	2	4	7	1	8	1361
4	7	9	0	0	0	0	0	0	0	0	0	0	1	2	5	7	1	9	1362
4	3	8	0	0	0	0	0	0	0	0	0	0	1	2	5	7	1	9	1363
4	6	5	0	0	0	0	0	0	0	0	0	0	1	1	1	7	1	8	142
4	5	8	0	1	0	0	0	0	0	0	0	0	1	0	5	7	1	9	1364
4	7	8	0	0	0	2	0	2	0	1	0	1	1	2	4	6	0	0	1365
4	0	7	0	0	0	6	7	3	1	3	3	3	2	4	3	6	3	2	1366
4	5	9	0	0	0	0	0	0	0	0	0	0	1	1	1	7	1	9	142
4	5	8	0	0	0	1	0	1	0	0	0	0	1	2	5	6	1	7	1367
4	3	7	0	1	0	0	0	0	0	0	0	0	1	2	4	7	1	8	1368
4	3	9	0	0	0	0	0	0	0	0	0	0	1	0	5	7	1	7	1369
4	3	7	0	0	0	9	6	3	6	2	3	3	3	5	2	5	3	1	1370
4	1	5	0	0	0	0	0	0	0	0	0	0	1	0	5	7	1	9	142
4	5	9	0	0	0	0	0	0	0	0	0	0	1	1	1	7	1	9	142
4	0	9	0	0	0	0	0	0	0	0	0	0	1	0	5	7	1	9	1371
4	5	8	0	0	0	0	0	0	0	0	0	0	1	2	5	6	1	9	1372
4	1	5	0	0	0	0	0	0	0	0	0	0	1	0	5	7	1	9	1373
4	0	5	0	0	0	0	0	0	0	0	0	0	1	1	1	7	1	9	142
4	1	8	0	0	0	0	0	0	0	0	0	0	1	2	4	6	1	7	1374
4	0	8	0	1	0	1	0	1	0	0	0	1	1	3	4	6	0	4	1375
4	6	5	0	0	0	0	0	0	0	0	0	0	1	1	1	7	1	6	142
4	1	5	0	0	0	0	0	0	0	0	0	0	1	1	1	7	1	9	142
4	5	8	0	0	0	0	0	0	0	0	0	0	1	0	5	7	1	7	1376
4	0	5	0	0	0	0	0	0	0	0	0	0	1	2	5	6	1	9	1377
4	1	8	0	0	0	0	0	0	0	0	0	0	1	2	5	6	1	7	1378
4	5	9	0	0	0	0	0	0	0	0	0	0	1	0	5	7	1	9	1379
4	7	8	0	0	1	9	3	6	6	2	3	3	2	3	4	6	3	2	1380
4	3	5	0	0	0	0	0	0	0	0	0	0	1	1	1	7	1	6	142
4	1	5	0	0	0	0	0	0	0	0	0	0	1	0	1	7	1	9	1381
4	7	5	0	1	0	0	0	0	0	0	0	0	1	2	4	6	1	8	1382
4	3	8	0	0	1	0	0	0	0	0	0	0	1	2	5	7	1	9	1383
4	0	9	0	0	0	0	0	0	0	0	0	0	1	0	5	7	1	9	918
4	1	5	0	0	0	0	0	0	0	0	0	0	1	1	1	7	1	9	142
4	6	8	0	0	0	0	0	0	0	0	0	0	1	2	5	6	1	9	1384
4	0	5	0	0	0	0	0	0	0	0	0	0	1	0	1	7	1	9	142
4	3	5	0	0	0	0	0	0	0	0	0	0	1	1	1	7	1	5	142
4	5	9	0	0	0	0	0	0	0	0	0	0	1	0	1	7	1	9	918
4	7	9	0	0	0	0	0	0	0	0	0	0	1	0	5	7	1	9	1285
4	5	9	0	1	0	0	0	0	0	0	0	0	1	0	1	7	1	9	1385
4	6	9	0	0	0	0	0	0	0	0	0	0	1	0	1	7	1	9	1386
4	1	9	0	0	0	0	0	0	0	0	0	0	1	0	5	7	1	9	142
4	1	8	0	0	1	6	8	8	7	4	4	4	4	5	3	6	4	2	1387
4	3	8	0	0	0	1	0	0	0	0	0	0	1	2	4	6	1	7	1388
4	3	9	0	0	0	0	0	0	0	0	0	0	1	0	5	7	1	9	1389
4	0	5	0	0	0	0	0	0	0	0	0	0	1	0	1	7	1	9	142
4	5	5	0	0	0	0	0	0	0	0	0	0	1	1	1	7	1	2	1390
4	6	7	0	0	0	3	6	2	1	1	1	5	0	4	3	6	5	0	1391
4	7	9	0	0	0	0	0	0	0	0	0	0	1	0	5	7	1	9	1392
4	3	9	0	0	0	0	0	0	0	0	0	0	1	0	5	7	1	9	1393
4	6	7	0	0	0	1	0	1	0	0	0	0	1	2	4	6	1	8	1394
4	6	9	0	0	0	0	0	0	0	0	0	0	1	0	1	7	1	9	1344
4	6	8	0	0	0	1	0	0	0	0	0	0	1	2	5	7	1	7	1395
4	5	9	0	0	0	0	0	0	0	0	0	0	1	2	5	7	1	7	1396
4	3	7	0	0	0	0	0	0	0	0	0	0	1	2	5	7	1	7	1397
4	7	5	0	0	0	0	0	0	0	0	0	0	1	2	5	7	1	7	1398
4	3	8	0	1	0	0	0	0	0	0	0	0	1	2	5	7	1	7	1399
4	6	8	0	0	0	0	0	0	0	0	0	0	1	0	5	6	1	9	1400
4	7	9	0	0	0	0	0	0	0	0	0	0	1	0	5	7	1	7	1401
4	6	7	0	0	0	1	0	5	0	1	1	5	0	3	4	6	5	0	1402
4	0	8	0	0	1	1	0	1	0	0	0	1	1	2	4	7	0	8	1403
4	7	5	0	0	0	0	0	0	0	0	0	0	1	0	5	6	1	9	1404
4	0	8	0	1	0	0	0	0	0	0	0	0	1	2	5	7	1	8	1405
4	3	8	0	0	0	0	0	0	0	0	0	0	1	0	5	7	1	9	1406
4	0	7	0	0	0	7	8	7	6	4	4	4	4	4	3	6	4	3	1407
4	6	9	0	0	0	0	0	0	0	0	0	0	1	0	5	7	1	7	1408
4	6	8	0	0	0	0	0	0	0	0	0	0	1	0	5	6	1	9	1409
4	5	8	0	0	0	0	0	0	0	0	0	0	1	0	5	6	1	9	1410
4	0	8	0	0	0	0	0	0	0	0	0	0	1	2	5	6	1	7	1411
4	1	9	0	1	0	0	0	0	0	0	0	0	1	0	5	7	1	9	1412
4	0	8	0	0	0	1	0	0	0	0	0	0	1	2	4	6	1	8	1413
4	0	9	0	0	0	0	0	0	0	0	0	0	1	0	1	7	1	9	142
4	6	9	0	0	0	0	0	0	0	0	0	0	1	0	1	7	1	9	1414
4	3	9	0	1	0	0	0	0	0	0	0	0	1	2	5	7	1	7	1415
4	5	9	0	0	0	0	0	0	0	0	0	0	1	0	5	7	1	9	1416
4	6	7	0	0	0	0	0	0	0	0	0	0	1	2	5	7	1	7	1417
4	3	8	0	0	0	0	0	0	0	0	0	0	1	0	5	6	1	9	1418
4	3	8	0	0	0	0	0	0	0	0	0	0	1	0	5	6	1	9	1419
4	5	9	0	0	0	0	0	0	0	0	0	0	1	0	5	7	1	9	1364
4	6	9	0	0	0	0	0	0	0	0	0	0	1	0	1	7	1	9	1186
4	3	9	0	0	0	0	0	0	0	0	0	0	1	0	5	7	1	9	1420
4	3	9	0	0	0	0	0	0	0	0	0	0	1	0	5	7	1	9	1421
4	3	8	0	0	0	1	0	0	0	0	0	0	1	2	5	6	1	7	1422
4	6	8	0	0	0	0	0	0	0	0	0	0	1	0	5	6	1	9	1423
4	6	9	0	0	0	0	0	0	0	0	0	0	1	0	1	7	1	9	422
4	1	9	0	0	0	0	0	0	0	0	0	0	1	1	1	7	1	9	142
4	7	8	0	0	1	4	0	4	5	3	3	3	2	4	3	6	3	2	1424
4	6	9	0	1	0	0	0	0	0	0	0	0	1	0	5	7	1	7	1425
4	7	9	0	0	0	0	0	0	0	0	0	0	1	0	5	7	1	9	142
4	5	9	0	0	0	0	0	0	0	0	0	0	1	0	5	7	1	9	1426
4	3	7	0	0	0	0	0	0	0	0	0	0	1	2	4	6	1	7	1427
4	1	8	0	0	0	0	0	0	0	0	0	0	1	2	5	6	1	9	1342
4	3	8	0	0	0	0	0	0	0	0	0	0	1	0	5	6	1	9	1329
4	6	9	0	0	0	0	0	0	0	0	0	0	1	0	1	7	1	9	1428
4	3	5	0	0	0	0	0	0	0	0	0	0	1	1	1	7	1	2	142
4	5	8	0	0	1	1	0	1	0	0	0	0	1	2	5	6	1	8	1429
4	5	9	0	0	0	0	0	0	0	0	0	0	1	0	5	7	1	9	142
4	5	8	0	0	0	0	0	0	0	0	0	1	1	3	4	7	0	4	1430
4	1	9	0	0	1	0	0	0	0	0	0	0	1	0	5	7	1	9	1431
4	5	8	0	0	0	0	0	0	0	0	0	0	1	2	5	6	1	9	1432
4	1	9	0	0	0	1	0	1	0	0	0	0	1	2	4	6	1	7	1433
4	5	8	0	0	0	0	0	0	0	0	0	0	1	0	5	7	1	9	1434
4	0	5	0	0	0	0	0	0	0	0	0	0	1	2	5	6	1	9	1435
4	3	9	0	0	0	0	0	0	0	0	0	0	1	0	5	7	1	9	1179
4	3	9	0	0	0	0	0	0	0	0	0	0	1	0	1	7	1	9	1186
4	6	7	0	0	1	1	0	1	0	0	0	1	1	3	4	6	0	4	1436
4	1	9	0	0	0	0	0	0	0	0	0	0	1	0	5	7	1	9	1187
4	5	5	0	0	0	0	0	0	0	0	0	0	1	0	1	7	1	7	1437
4	7	9	0	0	0	0	0	0	0	0	0	0	1	0	5	7	1	9	1438
4	5	9	0	0	0	0	0	0	0	0	0	0	1	1	1	7	1	9	142
4	1	8	0	0	0	1	0	0	0	0	0	0	1	2	4	6	1	4	1439
4	5	8	0	1	0	0	0	0	0	0	0	0	1	0	5	6	1	9	1440
4	3	5	0	0	0	0	0	0	0	0	0	0	1	1	1	7	1	8	142
4	0	8	0	0	0	0	0	0	0	0	0	0	1	2	5	7	1	9	1441
4	6	9	0	0	0	0	0	0	0	0	0	0	1	1	1	7	1	8	142
4	6	7	0	0	1	2	0	2	0	1	0	1	1	3	4	6	0	4	1442
5	0	4	0	0	0	0	0	0	0	7	7	8	7	5	2	5	8	6	1443
5	5	6	0	0	0	0	0	0	0	8	7	8	7	5	2	5	8	6	1444
5	3	4	0	0	0	0	0	0	0	7	7	8	7	5	2	5	8	6	1445
5	4	4	0	0	0	0	0	0	0	7	7	8	7	5	6	5	8	6	1446
5	9	7	0	0	0	0	0	0	0	7	7	8	7	6	6	4	8	3	1447
5	7	6	0	0	0	0	0	0	0	7	7	8	7	5	2	5	8	6	1448
5	5	6	0	0	0	0	0	0	0	8	7	8	8	5	2	5	8	6	1449
5	0	6	0	0	0	0	0	0	0	7	7	8	7	5	2	5	8	6	1450
5	4	4	0	0	0	0	0	0	0	7	7	8	7	5	6	5	8	6	1451
5	1	4	0	0	0	0	0	0	0	7	7	8	7	5	6	5	8	6	1452
5	8	4	0	0	0	0	0	0	0	7	5	8	7	7	7	4	8	3	1453
5	4	4	0	0	0	0	0	0	0	7	7	8	7	5	2	5	8	6	1454
5	4	7	0	0	0	0	0	0	0	7	7	8	7	5	2	5	8	6	1455
5	6	7	0	0	0	0	0	0	0	7	7	8	7	6	6	5	8	6	1456
5	5	4	0	0	0	0	0	0	0	7	7	8	7	5	6	5	8	6	1457
5	9	4	0	0	0	0	0	0	0	7	7	8	7	5	6	4	8	6	1458
5	9	4	0	0	0	0	0	0	0	7	7	8	7	5	6	4	8	6	1459
5	8	6	0	0	0	0	0	0	0	7	7	8	7	6	6	4	8	3	1460
5	7	6	0	1	0	0	0	0	0	8	7	8	7	5	6	5	8	6	1461
5	1	6	0	0	0	0	0	0	0	8	7	8	8	5	2	6	8	6	1462
5	4	4	0	0	0	0	0	0	0	7	7	8	7	5	6	5	8	6	1463
5	1	4	0	0	0	0	0	0	0	7	7	8	7	5	2	5	8	6	1464
5	0	7	0	0	0	0	0	0	0	7	7	8	7	5	6	5	8	6	1465
5	0	7	0	0	0	0	0	0	0	7	7	8	7	5	2	5	8	6	1466
5	0	4	0	0	0	0	0	0	0	7	7	8	7	6	6	5	8	6	1467
5	1	4	0	0	0	0	0	0	0	7	7	8	7	5	6	5	8	6	1468
5	7	6	0	0	0	0	0	0	0	7	7	8	7	5	2	5	8	6	1469
5	7	6	0	0	0	0	0	0	0	7	7	8	7	5	2	5	8	6	1470
5	5	7	0	0	0	0	0	0	0	7	7	8	7	5	6	5	8	6	1471
5	2	4	0	0	0	0	0	0	0	7	7	8	7	5	6	4	8	6	1472
5	8	6	0	0	0	0	0	0	0	7	7	8	7	6	6	5	8	6	1473
5	2	4	0	0	0	0	0	0	0	7	7	8	7	5	6	4	8	6	1474
5	2	7	0	0	0	0	0	0	0	7	5	8	7	6	6	4	8	3	1475
5	1	7	0	0	0	0	0	0	0	7	7	8	7	5	6	5	8	6	1476
5	7	4	0	1	0	0	0	0	0	7	7	8	7	5	2	5	8	6	1477
5	0	7	0	0	0	0	0	0	0	7	7	8	7	5	2	5	8	6	1478
5	6	6	0	0	0	0	0	0	0	8	7	8	7	5	2	5	8	6	1479
5	3	6	0	0	0	0	0	0	0	8	7	8	7	5	2	5	8	6	1480
5	1	4	0	1	0	0	0	0	0	7	7	8	7	5	6	5	8	6	1481
5	1	7	0	0	0	0	0	0	0	7	7	8	7	5	6	4	8	6	1482
5	3	4	0	1	0	0	0	0	0	7	7	8	7	5	2	5	8	6	1483
5	5	6	0	0	0	0	0	0	0	8	7	8	7	5	2	5	8	6	1484
5	2	6	0	0	0	0	0	0	0	7	7	8	7	6	6	5	8	6	1485
5	3	6	0	0	0	0	0	0	0	8	7	8	8	5	2	5	8	6	1486
5	3	7	0	0	0	0	0	0	0	7	7	8	7	5	2	5	8	6	1487
5	9	6	0	0	0	0	0	0	0	7	7	8	7	5	6	4	8	6	1488
5	4	6	0	1	0	0	0	0	0	8	7	8	7	6	6	5	8	6	1489
5	4	4	0	0	0	0	0	0	0	7	7	8	7	5	6	4	8	6	1490
5	1	7	0	0	0	0	0	0	0	7	7	8	7	5	6	5	8	6	1491
5	3	4	0	0	0	0	0	0	0	7	7	8	7	5	6	5	8	6	1492
5	0	4	0	0	0	0	0	0	0	7	7	8	7	6	6	5	8	6	1493
5	1	7	0	0	0	0	0	0	0	7	7	8	7	5	6	5	8	6	1494
5	0	6	0	0	0	0	0	0	0	7	7	8	7	5	6	5	8	6	1495
5	0	6	0	0	0	0	0	0	0	8	7	8	7	6	2	6	8	6	1496
5	2	4	0	0	0	0	0	0	0	7	7	8	7	6	6	4	8	6	1497
5	6	4	0	0	0	0	0	0	0	7	7	8	7	5	2	5	8	6	1498
5	1	6	0	0	0	0	0	0	0	7	7	8	7	5	2	5	8	6	1499
5	2	4	0	1	0	0	0	0	0	7	7	8	7	5	6	5	8	6	1500
0	5	0	0	1	0	0	0	0	0	1	1	1	0	2	1	0	0	2	1501
0	9	3	0	0	0	0	0	0	0	1	1	1	0	2	0	0	0	1	1502
0	1	1	0	1	0	0	0	0	0	0	0	0	0	2	0	0	0	1	1503
0	1	1	0	1	0	0	0	0	0	0	0	0	0	2	1	1	1	1	1504
0	6	3	0	0	0	0	0	0	0	1	1	1	0	2	1	0	0	2	1505
0	2	1	0	0	0	0	0	0	0	0	0	0	0	2	1	1	0	1	1506
0	8	1	0	0	0	0	0	0	0	0	0	0	0	2	1	0	0	1	1507
0	0	2	0	0	0	0	0	0	0	1	0	0	0	2	1	0	0	1	1508
0	7	0	0	1	0	0	0	0	0	1	1	1	0	2	1	0	0	2	1509
0	0	0	0	0	0	0	0	0	0	1	1	1	0	2	1	0	0	2	1510
0	8	5	0	0	0	0	0	0	0	1	1	1	0	2	1	1	0	2	1511
0	0	2	0	0	0	0	0	0	0	1	0	0	0	2	1	0	0	1	1512
0	3	1	0	1	0	0	0	0	0	0	0	0	0	2	0	0	0	1	1513
0	7	3	0	1	0	0	0	0	0	1	1	1	0	2	1	0	0	2	1514
0	2	1	0	0	0	0	0	0	0	0	0	0	0	2	0	0	0	0	1515
0	4	2	0	0	0	0	0	0	0	1	0	0	0	2	0	1	0	2	1516
0	1	2	0	0	0	0	0	0	0	0	0	0	0	2	0	0	0	1	1517
0	9	2	0	0	0	1	0	0	0	1	0	0	0	2	0	0	0	1	1518
0	7	2	0	0	0	0	0	0	0	1	0	0	0	2	0	0	0	1	1519
0	0	0	0	0	0	0	0	0	0	1	1	1	0	2	0	0	0	2	1520
0	9	3	0	1	0	0	0	0	0	1	0	1	0	2	1	0	0	1	1521
0	5	1	0	0	0	0	0	0	0	1	0	0	0	2	0	0	0	1	1522
0	8	0	0	1	0	0	0	0	0	1	0	0	0	2	0	0	0	1	1523
0	9	2	0	0	0	0	0	0	0	0	0	0	0	2	0	1	0	1	1524
0	8	3	0	0	0	0	0	0	0	1	0	0	0	2	0	0	0	1	1525
0	0	0	0	0	0	0	0	0	0	1	1	1	0	2	0	0	0	2	1526
0	3	5	0	0	0	0	0	1	0	1	0	1	0	2	1	1	0	1	1527
0	6	0	0	0	0	0	0	0	0	1	0	1	0	2	1	1	0	2	1528
0	7	2	0	0	0	0	0	0	0	1	0	0	0	2	0	0	0	2	1529
0	2	3	0	0	0	0	0	0	0	1	0	1	0	2	1	0	0	1	1530
0	9	3	0	0	0	0	0	0	0	1	0	1	0	2	0	0	0	2	1531
0	6	3	0	0	0	0	0	0	0	1	1	1	0	2	0	0	0	2	1532
0	8	2	0	0	0	0	0	0	0	0	0	0	1	2	0	1	1	0	1533
0	4	2	0	0	0	0	0	0	0	0	0	0	0	2	1	0	0	1	1534
0	6	1	0	0	0	0	0	0	0	0	0	0	0	0	0	1	1	2	1535
0	4	0	0	0	0	0	0	0	0	1	1	1	0	2	0	0	0	2	1536
0	1	1	0	0	0	0	0	0	0	0	0	0	0	2	0	0	0	1	1537
0	1	1	0	0	0	0	0	0	0	0	0	0	0	2	0	0	0	1	1538
0	3	3	0	0	0	0	0	0	0	1	1	1	2	3	1	0	0	2	1539
0	0	2	0	0	0	0	0	0	0	0	0	0	0	2	0	0	0	1	1540
0	1	2	0	0	0	0	0	0	0	0	0	0	0	2	0	0	0	1	1541
0	2	3	0	0	0	0	0	0	0	1	0	1	0	3	1	0	0	1	1542
0	2	1	0	1	0	0	0	0	0	0	0	0	0	2	0	0	0	1	1543
0	9	5	0	0	0	0	0	0	0	1	0	1	0	3	1	0	0	1	1544
0	8	0	0	1	0	0	0	0	0	0	0	0	0	2	1	0	0	1	1545
0	2	2	0	0	0	0	0	0	0	1	0	0	0	0	0	1	0	2	1546
0	4	3	0	0	0	0	0	0	0	1	0	1	0	2	1	0	0	1	1547
0	5	0	0	0	0	0	0	0	0	1	1	1	0	2	0	0	0	2	1548
0	5	3	0	0	0	0	0	0	0	1	1	1	0	2	0	0	0	2	1549
0	7	0	0	0	0	0	0	0	0	1	1	1	0	2	0	0	0	2	1550
0	3	1	0	0	0	0	0	0	0	0	0	0	0	2	0	0	0	0	1551
0	7	0	0	0	0	0	0	0	0	1	1	1	0	2	0	0	0	2	1552
0	5	2	0	1	0	0	0	0	0	1	0	0	0	2	0	0	0	1	1553
0	4	2	0	1	0	0	0	0	0	1	0	0	0	2	0	0	0	1	1554
0	8	3	0	0	0	0	0	0	0	1	0	1	0	2	1	0	0	2	1555
0	7	1	0	0	0	0	0	0	0	0	0	0	1	0	0	0	1	0	1556
1	8	3	0	0	0	0	0	2	1	3	3	3	2	4	3	5	3	2	1557
1	8	3	0	0	0	0	0	5	1	3	3	5	2	3	3	5	3	3	1558
1	2	3	0	0	0	1	0	2	0	3	3	3	2	3	3	5	3	3	1559
1	7	3	0	0	0	1	0	3	0	3	3	3	2	3	4	6	3	3	1560
1	2	3	0	0	0	0	0	2	0	2	3	3	2	3	3	5	3	2	1561
1	7	3	0	0	0	0	0	3	0	3	3	3	2	3	4	6	3	3	1562
1	9	3	0	0	0	0	0	2	0	3	3	3	2	3	3	5	3	3	1563
1	7	3	0	0	0	0	0	3	0	3	3	3	2	3	4	6	3	3	1564
1	9	3	0	0	0	0	0	5	1	3	3	3	2	3	3	6	3	2	1565
1	2	3	0	0	0	0	0	2	0	3	3	3	2	3	3	5	3	2	1566
1	9	3	0	0	0	0	0	2	0	3	3	3	2	3	3	5	3	3	1567
1	7	3	0	0	0	0	0	5	0	3	3	3	2	3	4	6	3	3	1568
1	9	3	0	0	0	0	0	2	0	3	3	3	2	3	3	5	3	2	1569
1	3	3	0	0	0	0	0	5	0	3	3	5	2	3	4	6	5	3	1570
1	9	3	0	0	0	0	0	2	0	2	3	3	2	4	3	5	3	2	1571
1	8	3	0	0	0	1	0	0	0	2	3	3	2	4	2	4	3	2	1572
1	9	3	0	0	0	0	0	2	0	3	3	3	2	3	3	5	3	3	1573
1	9	3	0	0	0	0	0	2	0	3	3	3	2	3	3	6	3	3	1574
1	9	3	0	0	0	0	0	5	1	3	3	3	2	3	3	6	3	3	1575
1	7	3	0	0	0	0	0	5	0	3	3	3	2	3	3	6	3	3	1576
1	9	3	0	0	0	0	0	2	0	2	3	3	2	3	3	5	3	2	1577
1	8	3	0	0	0	0	0	1	0	2	3	3	2	4	2	4	3	2	1578
1	8	3	0	0	0	1	0	5	1	3	3	3	2	3	3	5	3	3	1579
1	9	3	0	0	0	0	0	5	0	3	3	3	2	3	3	6	3	3	1580
1	9	3	0	0	0	1	0	2	0	3	3	3	2	3	3	6	3	3	1581
1	8	3	0	0	0	1	0	5	1	3	3	3	2	3	3	5	3	3	1579
1	9	3	0	0	0	0	0	5	1	3	3	3	2	3	3	6	3	3	1582
1	7	3	0	0	0	0	0	3	0	3	3	3	2	3	4	6	3	3	1583
1	8	3	0	0	0	0	0	0	0	3	3	3	2	3	2	4	3	2	1584
1	9	3	0	0	0	0	0	2	0	3	3	3	2	3	3	5	3	3	1573
2	4	9	0	0	0	0	0	0	0	3	1	5	0	4	2	5	5	1	1585
2	9	5	0	0	0	1	0	0	0	1	1	5	0	3	3	5	5	1	1586
2	4	8	0	0	0	4	0	0	0	1	0	1	1	3	4	5	0	0	1587
2	4	5	0	0	0	0	0	1	0	0	0	1	1	2	4	6	0	4	1588
2	8	8	0	0	0	0	0	0	0	0	0	1	1	3	3	5	0	4	1589
2	8	8	0	0	0	1	0	0	0	1	0	1	1	2	3	5	0	0	1590
2	8	8	0	0	0	0	0	0	0	0	0	1	1	2	3	5	0	4	1591
2	9	5	0	0	0	0	0	0	0	0	0	0	1	1	1	7	1	9	142
2	9	5	0	1	0	1	0	0	0	1	1	5	0	3	3	5	5	1	1592
2	9	8	0	0	0	0	0	0	0	1	1	5	0	3	3	5	5	1	1593
2	8	9	0	0	0	0	0	0	0	0	0	1	1	2	4	6	0	4	1594
2	8	8	0	0	0	0	0	0	0	0	0	1	1	2	3	5	0	4	1595
2	9	5	0	0	0	0	0	0	0	0	0	0	1	1	1	7	1	9	1596
2	4	5	0	0	0	0	0	0	0	3	1	5	0	4	2	5	5	1	1597
2	4	9	0	0	1	0	0	0	0	3	1	5	0	3	3	5	5	1	1598
2	8	8	0	0	0	0	0	0	0	0	0	1	1	2	3	5	0	4	1599
2	4	9	0	0	0	0	0	0	0	3	1	5	0	3	3	5	5	1	1600
2	4	9	0	0	0	0	0	0	0	3	1	5	0	3	3	5	5	1	1601
2	2	8	0	1	0	0	0	0	0	1	0	1	1	3	3	5	0	0	1602
2	2	5	0	0	0	0	0	0	0	0	0	1	1	2	4	6	0	4	1603
2	4	9	0	0	0	0	0	0	0	3	1	5	0	4	2	5	5	1	1604
2	4	5	0	0	0	0	0	1	0	1	1	5	0	4	3	5	5	0	1605
2	8	8	0	0	0	0	0	0	0	0	0	1	1	2	4	5	0	4	1606
2	8	9	0	0	0	0	0	0	0	0	0	0	1	1	1	7	1	5	138
2	8	7	0	0	0	0	0	1	0	0	0	1	1	2	4	6	0	4	1607
2	2	8	0	0	0	0	0	0	0	1	0	1	1	3	3	5	0	0	1608
2	4	8	0	0	0	0	0	0	0	1	1	5	0	3	3	5	5	1	1609
2	2	9	0	0	0	0	0	0	0	1	0	1	1	3	3	5	0	0	1610
2	8	5	0	0	0	0	0	0	0	0	0	0	1	1	1	7	1	2	142
2	8	8	0	0	0	0	0	0	0	0	0	1	1	2	3	5	0	4	1611
2	9	8	0	0	0	0	0	0	0	1	1	5	0	3	3	5	5	0	1612
2	8	9	0	0	0	1	0	0	0	1	0	1	1	2	4	6	0	0	1613
3	9	7	0	0	0	0	0	0	0	3	3	3	2	2	4	5	3	3	1614
3	9	7	0	0	0	0	0	0	0	3	3	3	2	2	3	5	3	3	1615
3	9	9	0	1	0	0	0	0	0	4	2	2	3	3	3	4	2	3	1616
3	9	7	0	0	0	0	0	0	0	3	3	3	2	2	4	5	3	3	1617
3	4	8	0	0	0	0	0	0	0	2	2	2	3	3	3	4	2	3	1618
3	8	8	0	0	0	0	0	0	0	2	2	2	3	3	2	4	2	3	1619
3	2	9	0	0	0	0	0	5	0	3	3	5	2	0	4	5	5	3	1620
3	2	7	0	0	0	0	0	0	0	3	3	3	2	2	4	5	3	3	1621
3	9	9	0	0	0	1	0	0	0	2	2	3	3	2	3	5	3	3	1622
3	9	9	0	0	0	0	0	2	0	3	3	3	2	2	3	5	3	3	1623
3	4	8	0	0	0	0	0	0	0	4	2	2	3	3	3	4	2	3	1624
3	9	9	0	0	0	1	0	1	0	3	3	3	2	2	3	5	3	3	1625
6	6	9	0	0	0	0	0	0	0	0	0	0	1	1	1	6	1	0	1626
6	7	9	0	0	0	0	0	0	0	0	0	0	1	9	1	6	1	0	1627
6	3	9	0	0	0	0	0	0	0	0	0	0	1	9	1	6	1	0	1628
6	1	9	0	0	0	0	0	0	0	0	0	0	1	1	1	6	1	0	1629
6	4	9	0	0	0	0	0	0	0	0	0	0	1	9	1	6	1	0	1630
6	2	9	0	0	0	0	0	0	0	0	0	0	1	9	1	6	1	4	1631
6	9	5	0	0	0	0	0	0	0	0	0	0	1	9	1	6	1	0	1632
6	0	9	0	0	0	0	0	0	0	0	0	0	1	9	1	6	1	0	1633
6	5	5	0	0	0	0	0	0	0	0	0	0	1	9	1	6	1	4	1634
6	5	5	0	0	0	0	0	0	0	0	0	0	1	9	1	6	1	0	1635
6	0	5	0	0	0	0	0	0	0	0	0	0	1	9	1	6	1	0	1636
6	8	9	0	0	0	0	0	0	0	0	0	0	1	1	1	6	1	4	1637
6	7	5	0	0	0	0	0	0	0	0	0	0	1	9	1	6	1	0	1638
6	3	9	0	0	0	0	0	0	0	0	0	0	1	9	1	6	1	0	1639
6	8	5	0	0	0	0	0	0	0	0	0	0	1	1	1	6	1	4	1640
6	3	9	0	0	0	0	0	0	0	0	0	0	1	9	1	6	1	0	1641
6	3	5	0	0	0	0	0	0	0	0	0	0	1	1	1	6	1	0	1642
6	3	9	0	0	0	0	0	0	0	0	0	0	1	1	1	6	1	0	1643
6	5	9	0	0	0	0	0	0	0	0	0	0	1	9	1	6	1	0	1644
6	6	5	0	0	0	0	0	0	0	0	0	0	1	1	5	6	1	4	1645
6	3	9	0	0	0	0	0	0	0	0	0	0	1	9	1	6	1	0	1641
6	0	9	0	0	0	0	0	0	0	0	0	0	1	9	1	6	1	0	1646
6	3	9	0	0	0	0	0	0	0	0	0	0	1	9	1	6	1	0	1647
6	3	9	0	0	0	0	0	0	0	0	0	0	1	1	1	6	1	0	1648
6	2	5	0	0	0	0	0	0	0	0	0	0	1	1	1	6	1	0	1649
6	3	9	0	0	0	0	0	0	0	0	0	0	1	1	1	6	1	0	1650
6	9	9	0	0	0	0	0	0	0	0	0	0	1	1	1	6	1	0	1651
6	4	9	0	0	0	0	0	0	0	0	0	0	1	9	1	6	1	0	1652
6	0	5	0	0	0	0	0	0	0	0	0	0	1	0	5	6	1	4	1653
6	1	9	0	0	0	0	0	0	0	0	0	0	1	1	1	6	1	0	1654
6	3	5	0	0	0	0	0	0	0	0	0	0	1	9	1	6	1	0	1655
6	2	9	0	0	0	0	0	0	0	0	0	0	1	9	1	6	1	0	1656
6	6	5	0	0	0	0	0	0	0	0	0	0	1	9	1	6	1	0	1657
6	0	9	0	0	0	0	0	0	0	0	0	0	1	9	1	6	1	1	1658
6	4	5	0	0	0	0	0	0	0	0	0	0	1	9	1	6	1	0	1659
6	0	9	0	0	0	0	0	0	0	0	0	0	1	9	1	6	1	0	1660
6	8	9	0	0	0	0	0	0	0	0	0	0	1	1	1	6	1	0	1661
6	7	5	0	0	0	0	0	0	0	0	0	0	1	9	1	6	1	0	1662
6	5	9	0	0	0	0	0	0	0	0	0	0	1	1	1	6	1	4	1663
6	5	9	0	0	0	0	0	0	0	0	0	0	1	9	1	6	1	0	1664
6	7	9	0	0	0	0	0	0	0	0	0	0	1	9	1	6	1	0	1665
6	4	9	0	0	0	0	0	0	0	0	0	0	1	9	1	6	1	0	1666
6	5	9	0	0	0	0	0	0	0	0	0	0	1	9	1	6	1	0	1667
6	2	9	0	0	0	0	0	0	0	0	0	0	1	1	1	6	1	0	1668
6	4	9	0	0	0	0	0	0	0	0	0	0	1	9	1	6	1	0	1669
6	6	5	0	0	0	0	0	0	0	0	0	0	1	9	1	6	1	0	1670
6	4	9	0	0	0	0	0	0	0	0	0	0	1	9	1	6	1	0	1671
6	7	9	0	0	0	0	0	0	0	0	0	0	1	1	1	6	1	0	1672
6	2	5	0	0	0	0	0	0	0	0	0	0	1	9	1	6	1	0	1673
6	6	5	0	0	0	0	0	0	0	0	0	0	1	9	1	6	1	4	1674
6	5	5	0	0	0	0	0	0	0	0	0	0	1	1	1	6	1	0	1675
6	2	9	0	0	0	0	0	0	0	0	0	0	1	1	1	6	1	0	1676
6	9	9	0	0	0	0	0	0	0	0	0	0	1	9	1	6	1	0	1677
6	3	5	0	0	0	0	0	0	0	0	0	0	1	0	5	6	1	0	1678
6	7	5	0	0	0	0	0	0	0	0	0	0	1	1	5	6	1	4	1679
6	6	9	0	0	0	0	0	0	0	0	0	0	1	1	1	6	1	0	1680
6	6	5	0	0	0	0	0	0	0	0	0	0	1	9	1	6	1	4	1681
6	0	9	0	0	0	0	0	0	0	0	0	0	1	1	1	6	1	8	1682
6	9	9	0	0	0	0	0	0	0	0	0	0	1	9	1	6	1	0	1683
6	5	9	0	0	0	0	0	0	0	0	0	0	1	9	1	6	1	0	1684
6	1	9	0	0	0	0	0	0	0	0	0	0	1	9	1	6	1	0	1685
6	2	5	0	0	0	0	0	0	0	0	0	0	1	9	1	6	1	4	1686
6	9	5	0	1	0	0	0	0	0	0	0	0	1	9	1	6	1	4	1687
6	3	9	0	0	0	0	0	0	0	0	0	0	1	1	1	6	1	0	1648
6	0	9	0	0	0	0	0	0	0	0	0	0	1	1	1	6	1	0	1688
6	0	9	0	0	0	0	0	0	0	0	0	0	1	9	1	6	1	0	1689
6	7	9	0	0	0	0	0	0	0	0	0	0	1	1	1	6	1	0	1690
6	7	5	0	0	0	0	0	0	0	0	0	0	1	9	1	6	1	0	1638
6	4	9	0	0	0	0	0	0	0	0	0	0	1	9	1	6	1	0	1691
6	2	9	0	0	0	0	0	0	0	0	0	0	1	1	1	6	1	0	1692
6	2	5	0	0	0	0	0	0	0	0	0	0	1	9	1	6	1	0	1693
6	9	9	0	0	0	0	0	0	0	0	0	0	1	9	1	6	1	0	1694
6	8	9	0	0	0	0	0	0	0	0	0	0	1	9	1	6	1	0	1695
6	3	9	0	0	0	0	0	0	0	0	0	0	1	9	1	6	1	0	1696
6	0	5	0	0	0	0	0	0	0	0	0	0	1	9	1	6	1	0	1697
6	5	9	0	0	0	0	0	0	0	0	0	0	1	1	1	6	1	0	1698
6	6	9	0	0	0	0	0	0	0	0	0	0	1	9	1	6	1	0	1699
6	7	9	0	0	0	0	0	0	0	0	0	0	1	1	1	6	1	0	1700
6	4	5	0	0	0	0	0	0	0	0	0	0	1	9	1	6	1	0	1701
6	0	5	0	0	0	0	0	0	0	0	0	0	1	9	1	6	1	0	1702
6	1	9	0	0	0	0	0	0	0	0	0	0	1	9	1	6	1	0	1703
6	9	5	0	0	0	0	0	0	0	0	0	0	1	9	1	6	1	0	1704
6	5	9	0	0	0	0	0	0	0	0	0	0	1	9	1	6	1	0	1696
6	1	9	0	0	0	0	0	0	0	0	0	0	1	1	1	6	1	0	1705
6	1	5	0	0	0	0	0	0	0	0	0	0	1	9	1	6	1	0	1706
6	8	9	0	0	0	0	0	0	0	0	0	0	1	1	1	6	1	0	1707
6	7	9	0	0	0	0	0	0	0	0	0	0	1	9	1	6	1	0	1708
6	6	5	0	0	0	0	0	0	0	0	0	0	1	9	1	6	1	4	1709
6	7	9	0	0	0	0	0	0	0	0	0	0	1	1	1	6	1	0	1710
6	9	5	0	1	0	0	0	0	0	0	0	0	1	9	1	6	1	4	1711
6	0	9	0	0	0	0	0	0	0	0	0	0	1	1	1	6	1	1	1712
6	7	5	0	0	0	0	0	0	0	0	0	0	1	9	1	6	1	0	1713
6	1	9	0	0	0	0	0	0	0	0	0	0	1	9	1	6	1	0	1714
6	8	5	0	0	0	0	0	0	0	0	0	0	1	9	1	6	1	4	1715
6	7	5	0	0	0	0	0	0	0	0	0	0	1	9	1	6	1	4	1716
6	0	9	0	0	0	0	0	0	0	0	0	0	1	9	1	6	1	0	1717
6	9	5	0	0	0	0	0	0	0	0	0	0	1	9	1	6	1	0	1718
6	9	5	0	0	0	0	0	0	0	0	0	0	1	9	1	6	1	0	1719
6	6	5	0	0	0	0	0	0	0	0	0	0	1	9	1	6	1	0	1720
6	4	9	0	0	0	0	0	0	0	0	0	0	1	9	1	6	1	0	1721
6	6	5	0	0	0	0	0	0	0	0	0	0	1	0	5	6	1	0	1722
6	6	5	0	0	0	0	0	0	0	0	0	0	1	1	5	6	1	8	1723
6	0	9	0	0	0	0	0	0	0	0	0	0	1	9	1	6	1	0	1724
6	5	9	0	0	0	0	0	0	0	0	0	0	1	9	1	6	1	0	1725
6	0	9	0	0	0	0	0	0	0	0	0	0	1	1	1	6	1	1	1726
6	6	9	0	0	0	0	0	0	0	0	0	0	1	9	1	6	1	4	1727
6	3	5	0	0	0	0	0	0	0	0	0	0	1	9	1	6	1	0	1728
6	3	9	0	0	0	0	0	0	0	0	0	0	1	9	1	6	1	0	1729
6	2	5	0	0	0	0	0	0	0	0	0	0	1	1	1	6	1	0	1649
6	8	5	0	0	0	0	0	0	0	0	0	0	1	9	1	6	1	4	1730
6	0	9	0	0	0	0	0	0	0	0	0	0	1	9	1	6	1	0	1731
6	9	9	0	0	0	0	0	0	0	0	0	0	1	9	1	6	1	0	1732
6	4	9	0	0	0	0	0	0	0	0	0	0	1	9	1	6	1	0	1733
6	1	9	0	0	0	0	0	0	0	0	0	0	1	9	1	6	1	4	1631
6	6	9	0	0	0	0	0	0	0	0	0	0	1	1	1	6	1	0	1734
6	4	5	0	0	0	0	0	0	0	0	0	0	1	9	1	6	1	0	1735
6	2	5	0	0	0	0	0	0	0	0	0	0	1	9	1	6	1	4	1736
6	4	9	0	0	0	0	0	0	0	0	0	0	1	9	1	6	1	0	1730
6	2	9	0	0	0	0	0	0	0	0	0	0	1	1	1	6	1	4	1737
6	9	5	0	0	0	0	0	0	0	0	0	0	1	9	1	6	1	0	1738
6	3	9	0	0	0	0	0	0	0	0	0	0	1	1	1	6	1	0	1739
6	1	9	0	0	0	0	0	0	0	0	0	0	1	1	1	6	1	0	1740
6	7	5	0	0	0	0	0	0	0	0	0	0	1	1	1	6	1	0	1741
6	5	5	0	0	0	0	0	0	0	0	0	0	1	0	5	6	1	0	1742
6	9	9	0	0	0	0	0	0	0	0	0	0	1	1	1	6	1	0	1743
6	4	9	0	0	0	0	0	0	0	0	0	0	1	9	1	6	1	4	1744
6	0	9	0	0	0	0	0	0	0	0	0	0	1	1	1	6	1	8	1745
6	7	9	0	0	0	0	0	0	0	0	0	0	1	9	1	6	1	0	1746
6	3	9	0	0	0	0	0	0	0	0	0	0	1	1	1	6	1	0	1747
6	1	9	0	0	0	0	0	0	0	0	0	0	1	9	1	6	1	0	1748
5	5	7	0	0	0	0	0	0	0	6	5	6	5	4	6	8	6	6	1749
5	8	4	0	0	0	0	0	0	0	9	9	7	9	8	9	9	7	2	1750
5	8	6	0	0	0	0	0	0	0	6	6	6	6	8	9	8	6	2	1751
5	1	4	0	0	0	0	0	0	0	6	6	6	6	7	8	8	6	3	1752
5	9	4	0	0	0	0	0	0	0	9	6	6	6	7	8	8	6	2	1753
5	6	6	0	0	0	0	0	0	0	6	5	6	5	6	7	4	6	3	1754
5	1	7	0	0	0	0	0	0	0	6	5	6	5	5	6	8	6	3	1755
5	8	4	0	0	0	0	0	0	0	9	9	6	6	8	9	9	6	2	1756
5	4	4	0	0	0	0	0	0	0	6	6	6	6	7	8	8	6	3	1757
5	4	7	0	0	0	0	0	0	0	9	6	6	6	7	8	8	6	2	1758
5	7	4	0	0	0	0	0	0	0	6	6	6	6	7	8	8	6	3	1759
5	4	4	0	0	0	0	0	0	0	6	6	6	6	7	8	8	6	3	1760
5	5	4	0	0	0	0	0	0	0	6	5	6	5	5	6	8	6	3	1761
5	8	6	0	0	0	0	0	0	0	6	6	6	6	8	8	8	6	3	1762
5	3	7	0	0	0	0	0	0	0	6	5	6	5	4	6	8	6	6	1763
5	7	6	0	0	0	0	0	0	0	6	5	6	5	7	7	4	6	3	1764
5	8	4	0	0	0	0	0	0	0	9	9	7	9	8	9	9	7	2	1765
5	8	7	0	0	0	0	0	0	0	9	9	7	9	8	9	9	7	2	1766
5	9	6	0	0	0	0	0	0	0	6	6	6	6	7	8	8	6	3	1767
5	8	8	0	1	0	0	0	0	0	9	9	7	9	8	9	9	7	2	1768
5	2	6	0	0	0	0	0	0	0	9	6	6	6	8	8	8	6	2	1769
5	7	6	0	1	0	0	0	0	0	6	5	6	5	7	7	4	6	3	1770
5	2	7	0	0	0	0	0	0	0	9	9	7	9	8	9	9	7	2	1771
5	6	4	0	1	0	0	0	0	0	6	5	6	5	6	7	8	6	3	1772
5	7	8	0	0	0	0	0	0	0	9	9	7	6	7	8	9	7	2	1773
5	5	8	0	0	0	0	0	0	0	6	5	6	5	5	6	8	6	3	1774
5	2	7	0	0	0	0	0	0	0	9	9	7	9	7	8	9	7	2	1775
5	6	6	0	0	0	0	0	0	0	6	5	6	5	7	7	8	6	3	1776
5	6	8	0	0	0	0	0	0	0	6	5	6	5	3	2	8	6	6	1777
5	4	7	0	0	0	0	0	0	0	9	6	7	6	7	8	8	7	2	1778
5	7	7	0	0	0	0	0	0	0	9	6	6	6	7	8	8	6	3	1779
5	6	4	0	0	0	0	0	0	0	7	5	6	5	4	6	8	6	6	1780
5	6	4	0	0	0	0	0	0	0	7	5	6	5	4	6	8	6	6	1781
5	8	4	0	0	0	0	0	0	0	9	9	7	9	8	9	9	7	2	1782
5	1	6	0	0	0	0	0	0	0	6	5	6	5	7	7	8	6	3	1783
5	9	8	0	0	0	0	0	0	0	9	9	7	9	8	9	9	7	2	1784
5	9	7	0	1	0	0	0	0	0	9	9	7	6	7	8	8	7	2	1785
5	0	7	0	0	0	0	0	0	0	6	6	6	6	7	8	8	6	3	1786
5	9	8	0	0	0	0	0	0	0	9	9	7	9	8	9	9	7	2	1787
5	2	6	0	0	0	0	0	0	0	6	6	6	6	7	8	8	6	3	1788
5	8	7	0	0	0	0	0	0	0	9	9	7	9	8	9	9	7	2	1789
5	4	8	0	0	0	0	0	0	0	9	9	7	9	8	9	9	7	2	1790
5	8	7	0	0	0	0	0	0	0	9	9	7	9	8	9	9	7	2	1791
5	5	6	0	0	0	0	0	0	0	6	5	6	5	7	7	4	6	3	1792
5	0	4	0	0	0	0	0	0	0	6	6	6	6	7	7	8	6	3	1793
5	7	6	0	0	0	0	0	0	0	6	6	6	6	7	8	8	6	3	1794
5	6	8	0	0	0	0	0	0	0	6	5	6	5	4	6	8	6	6	1795
5	6	4	0	0	0	0	0	0	0	6	5	6	5	5	6	8	6	3	1796
5	0	4	0	0	0	0	0	0	0	6	6	6	6	7	7	8	6	3	1797
5	5	6	0	0	0	0	0	0	0	6	5	6	5	7	7	8	6	3	1798
5	1	7	0	1	0	0	0	0	0	6	5	6	5	5	6	4	6	3	1799
5	8	6	0	0	0	0	0	0	0	9	6	6	6	8	8	8	6	2	1800
5	0	7	0	0	0	0	0	0	0	6	6	6	6	6	7	8	6	3	1801
5	1	7	0	0	0	0	0	0	0	6	5	6	6	5	6	8	6	3	1802
5	5	4	0	0	0	0	0	0	0	6	5	6	5	6	7	8	6	3	1803
5	8	7	0	0	0	0	0	0	0	9	9	7	9	8	9	9	7	2	1804
5	1	7	0	0	0	0	0	0	0	6	5	6	5	5	6	4	6	3	1805
5	2	4	0	0	0	0	0	0	0	9	6	6	6	7	9	9	6	2	1806
5	9	6	0	0	0	0	0	0	0	6	6	6	6	7	8	8	6	3	1807
5	3	8	0	0	0	0	0	0	0	6	5	6	5	4	6	4	6	6	1808
5	1	4	0	0	0	0	0	0	0	6	6	6	6	7	8	8	6	3	1809
5	5	7	0	1	0	0	0	0	0	6	5	6	5	4	2	4	6	6	1810
5	0	8	0	0	0	0	0	0	0	6	6	6	6	6	8	8	6	3	1811
5	5	8	0	0	0	0	0	0	0	6	5	6	5	4	6	8	6	6	1812
5	8	7	0	0	0	0	0	0	0	9	9	7	9	8	9	9	7	2	1813
5	1	4	0	0	0	0	0	0	0	6	6	6	6	7	8	8	6	3	1814
5	1	7	0	0	0	0	0	0	0	6	5	6	5	5	7	8	6	3	1815
5	4	4	0	0	0	0	0	0	0	9	6	6	6	8	8	8	6	2	1816
5	5	4	0	0	0	0	0	0	0	6	5	6	5	6	6	4	6	3	1817
5	4	4	0	0	0	0	0	0	0	6	6	6	6	7	8	8	6	3	1818
5	5	7	0	0	0	0	0	0	0	6	5	6	5	4	6	4	6	6	1819
5	3	6	0	0	0	0	0	0	0	6	5	6	5	6	7	4	6	3	1820
5	2	6	0	0	0	0	0	0	0	6	6	6	6	8	9	8	6	2	1821
5	4	8	0	0	0	0	0	0	0	9	9	7	9	7	9	9	7	2	1822
5	6	8	0	0	0	0	0	0	0	6	5	6	5	4	6	8	6	6	1823
5	1	4	0	0	0	0	0	0	0	6	6	6	6	7	8	8	6	3	1824
5	8	7	0	0	0	0	0	0	0	9	9	7	9	8	9	9	7	2	1825
5	9	7	0	0	0	0	0	0	0	9	9	7	9	7	8	9	7	2	1826
5	2	7	0	0	0	0	0	0	0	9	9	7	9	8	9	9	7	2	1827
5	4	8	0	0	0	0	0	0	0	9	9	7	9	7	9	9	7	2	1828
0	2	1	0	0	0	0	0	0	0	0	0	0	1	1	1	2	1	2	1829
0	0	0	0	1	0	0	0	0	0	0	0	0	1	0	0	1	1	0	1830
0	8	0	0	1	0	0	0	0	0	0	0	0	0	0	0	1	0	2	1831
0	2	2	0	0	0	0	0	0	0	0	0	0	1	0	0	1	1	0	1832
0	5	2	0	0	0	1	0	0	0	0	0	0	1	0	0	1	1	1	1833
0	0	1	0	0	0	0	0	0	0	0	0	0	1	0	0	1	1	0	1834
0	5	0	0	0	0	0	0	0	0	0	0	0	1	0	0	1	1	0	1835
0	7	1	0	0	0	0	0	0	0	0	0	0	1	0	0	1	1	0	1836
0	5	2	0	0	0	0	0	0	0	0	0	0	1	0	0	1	1	0	1837
0	2	1	0	0	0	0	0	0	0	0	0	0	1	0	0	1	1	4	1838
0	8	0	0	0	0	0	0	0	0	0	0	0	0	0	0	1	0	1	1839
0	0	2	0	0	0	0	0	0	0	0	0	0	1	0	0	1	1	0	1840
0	6	1	0	1	0	0	0	0	0	0	0	0	1	1	1	7	1	6	1841
0	8	0	0	0	0	0	0	0	0	0	0	0	1	0	0	1	1	0	1842
0	8	3	0	0	0	0	0	0	0	0	0	0	0	0	1	2	0	3	1843
0	9	3	0	0	0	0	0	0	0	0	0	0	0	0	1	1	0	2	1844
0	3	0	0	0	0	0	0	0	0	0	0	0	1	0	0	1	1	0	1845
0	4	0	0	0	0	0	0	0	0	0	0	0	0	2	0	1	0	1	1846
0	6	1	0	0	0	0	0	0	0	0	0	0	1	1	1	2	1	6	1847
0	2	2	0	1	0	0	0	0	0	0	0	0	1	0	0	2	1	1	1848
0	0	1	0	0	0	0	0	0	0	0	0	0	1	0	0	1	1	0	1849
0	7	2	0	0	0	0	0	0	0	0	0	0	1	0	0	1	1	0	1850
0	5	3	0	0	0	0	0	0	0	0	0	0	0	0	0	0	0	1	1851
0	5	1	0	1	0	0	0	0	0	0	0	0	0	0	1	2	1	3	1852
0	5	1	0	0	0	0	0	0	0	0	0	0	1	0	0	1	1	0	1853
0	7	1	0	0	2	0	0	1	0	1	1	1	0	0	5	6	0	3	1854
0	2	1	0	1	0	1	0	0	0	0	0	0	1	0	1	2	1	3	1855
0	3	3	0	0	0	0	0	1	0	0	0	1	1	0	5	7	0	2	1856
0	7	0	0	0	0	0	0	0	0	0	0	0	0	0	0	0	0	1	1857
0	8	0	0	0	0	0	0	0	0	0	0	0	1	0	0	1	1	4	1858
0	0	3	0	0	0	0	0	0	0	0	0	0	0	0	1	1	0	2	1859
0	0	2	0	0	0	0	0	0	0	0	0	0	1	0	0	1	1	0	1860
0	0	3	0	1	0	0	0	0	0	1	0	0	0	0	1	1	0	3	1861
0	5	2	0	0	0	0	0	0	0	0	0	0	1	0	0	1	1	4	1862
0	9	2	0	0	0	0	0	0	0	0	0	0	1	0	0	1	1	0	1863
0	4	3	0	0	0	0	0	0	0	0	0	0	0	2	0	1	0	1	1864
0	0	2	0	0	0	0	0	0	0	0	0	0	1	0	0	1	1	0	1865
0	6	1	0	0	0	0	0	0	0	0	0	0	1	0	0	1	1	0	1866
0	4	2	0	0	0	0	0	0	0	0	0	0	1	0	0	1	1	0	1867
0	7	0	0	0	0	0	0	0	0	0	0	0	0	0	0	1	0	1	1868
0	9	1	0	0	0	0	0	0	0	0	0	0	1	0	1	2	1	2	1869
0	2	2	0	0	0	0	0	0	0	0	0	0	1	0	0	1	1	2	1870
0	3	0	0	0	0	0	0	0	0	0	0	0	1	0	0	1	1	1	1871
0	0	1	0	0	0	0	0	0	0	0	0	0	1	0	0	1	1	0	1872
0	8	3	0	0	0	0	0	0	0	0	0	0	0	0	0	1	0	2	1873
0	0	1	0	0	0	0	0	0	0	0	0	0	1	0	0	1	1	0	1874
1	1	0	0	0	0	0	0	0	0	3	3	5	2	2	3	5	5	2	1875
1	6	0	0	0	0	1	0	1	0	1	1	1	0	0	5	6	0	3	1876
1	6	0	0	0	0	0	0	1	0	3	3	5	0	2	4	5	5	3	1877
1	2	3	0	0	0	0	0	1	0	3	3	5	2	2	4	5	5	3	1878
1	6	0	0	0	0	0	0	2	0	1	1	1	0	0	4	6	0	3	1879
1	3	0	0	0	0	0	0	1	0	3	3	5	0	2	4	5	5	3	1880
1	3	0	0	0	0	0	0	1	0	3	3	5	0	2	4	5	5	3	1881
1	9	3	0	0	0	0	0	1	0	3	3	5	2	2	4	5	5	3	1882
1	3	0	0	0	0	0	0	0	0	3	3	5	0	2	4	5	5	2	1883
1	6	0	0	0	0	0	0	1	0	3	1	5	0	2	4	5	5	3	1884
1	4	0	0	0	0	0	0	1	0	3	3	5	0	2	4	5	5	3	1885
1	8	3	0	0	0	0	0	1	0	3	3	5	2	2	4	5	5	3	1886
1	0	0	0	0	0	0	0	2	0	3	3	5	0	2	4	6	5	3	1887
1	0	0	0	0	0	0	0	2	0	3	3	5	0	2	4	6	5	3	1888
1	7	0	0	0	0	0	0	1	0	3	1	5	0	0	4	6	5	3	1173
1	3	0	0	0	0	0	0	0	0	3	3	5	2	2	4	5	5	3	1889
1	5	0	0	0	0	0	0	1	0	3	3	5	0	2	4	5	5	3	1890
1	6	0	0	0	0	0	0	2	0	1	1	5	0	2	4	5	5	3	1891
1	7	0	0	0	0	0	0	0	0	3	3	5	2	2	4	5	5	3	1892
1	3	0	0	0	0	0	0	1	0	3	1	5	0	2	4	6	5	3	1893
1	3	0	0	0	0	0	0	0	0	3	3	5	2	2	4	5	5	3	1894
1	3	0	0	0	0	0	0	1	0	3	1	5	0	2	4	6	5	3	1895
1	0	0	0	0	0	0	0	2	0	3	3	5	0	2	4	6	5	3	1887
1	6	0	0	0	0	0	0	0	0	3	3	5	0	2	4	5	5	2	1896
1	3	0	0	0	0	0	0	1	0	3	1	5	0	2	4	6	5	3	1897
1	2	3	0	0	0	0	0	1	0	3	3	5	2	2	4	5	5	3	1898
1	9	3	0	0	0	0	0	1	0	3	3	5	2	2	3	5	5	2	1899
1	0	0	0	0	0	0	0	1	0	3	3	5	0	2	4	5	5	3	1900
1	1	0	0	0	0	0	0	0	0	3	3	5	2	2	3	5	5	2	1901
1	6	0	0	0	0	1	0	1	0	3	1	5	0	2	4	5	5	2	1902
1	7	0	0	0	0	0	0	0	0	3	3	5	2	2	4	5	5	3	1903
1	6	0	0	0	0	0	0	0	0	3	3	5	0	2	4	5	5	2	1904
1	4	0	0	0	0	0	0	2	0	3	3	5	0	2	4	6	5	3	1905
1	6	0	0	0	0	0	0	0	0	3	3	5	0	2	3	5	5	2	1906
1	7	0	0	0	0	0	0	0	0	3	3	5	2	2	4	5	5	3	1892
1	6	0	0	0	0	0	0	0	0	3	3	5	2	2	3	5	5	2	1907
1	3	0	0	0	0	0	0	1	0	3	1	5	0	2	4	6	5	3	1893
1	0	0	0	0	0	0	0	2	0	3	3	5	0	2	4	6	5	3	1908
1	1	0	0	0	0	1	0	1	0	3	3	5	2	2	4	5	5	3	1909
1	1	0	0	0	0	0	0	1	0	3	3	5	0	2	4	5	5	3	1910
1	3	0	0	0	0	0	0	1	0	3	1	5	0	2	4	5	5	3	1911
1	7	0	0	0	0	0	0	0	0	3	3	5	2	2	4	5	5	3	1903
2	8	5	0	0	1	1	0	0	0	0	0	0	1	0	5	6	1	7	1912
2	7	5	0	0	0	0	0	0	0	0	0	0	1	1	1	7	1	1	1913
2	7	5	0	0	0	0	0	0	0	0	0	0	1	1	1	7	1	0	1914
2	0	5	0	0	0	0	0	0	0	0	0	0	1	1	1	7	1	0	1915
2	7	5	0	0	0	0	0	0	0	0	0	0	1	1	1	7	1	0	1914
2	2	5	0	0	0	0	0	0	0	0	0	0	1	1	1	7	1	0	142
2	4	5	0	0	0	0	0	0	0	0	0	0	1	0	5	7	1	0	576
2	6	5	0	0	0	1	1	3	1	0	0	1	1	0	5	6	0	4	1916
2	2	5	0	0	1	8	0	0	0	0	0	0	1	2	5	6	1	8	1917
2	2	5	0	1	1	1	0	0	0	0	0	0	1	0	5	6	1	4	1918
2	7	5	0	0	1	1	0	2	0	0	0	1	1	2	4	6	0	8	1919
2	5	5	0	0	0	1	0	1	0	0	0	0	1	0	5	6	1	2	1920
2	3	5	0	1	0	1	0	0	0	0	0	0	1	9	0	6	1	0	1921
2	1	5	0	0	0	1	0	1	0	0	0	0	1	0	5	6	1	2	1922
2	8	5	0	0	0	0	0	0	0	0	0	0	1	1	1	7	1	7	142
2	2	5	0	0	1	4	1	0	0	0	0	0	1	2	5	6	1	8	1923
2	3	5	0	0	0	0	0	0	0	0	0	0	1	1	1	7	1	4	1924
2	6	5	0	0	0	0	0	0	0	0	0	0	1	1	1	7	1	3	142
2	7	5	0	0	0	0	0	2	0	0	0	0	1	0	5	6	1	1	1925
2	1	5	0	0	0	0	0	0	0	0	0	0	1	1	1	7	1	3	1926
2	4	5	0	0	0	0	0	0	0	0	0	0	1	1	1	7	1	9	1927
3	4	3	0	1	0	0	0	0	0	0	0	0	1	0	5	6	1	1	1928
3	8	3	0	0	0	0	0	0	0	0	0	0	1	0	5	6	1	0	1929
3	3	3	0	0	0	0	0	0	0	0	0	0	1	0	5	6	1	0	1930
3	6	3	0	1	0	0	0	0	0	0	0	0	1	0	5	6	1	1	1931
3	7	3	0	0	0	0	0	0	0	0	0	0	1	0	5	6	1	0	1932
3	7	3	0	0	0	0	0	0	0	0	0	0	1	0	5	6	1	0	1933
3	0	3	0	1	0	0	0	0	0	0	0	0	1	0	5	6	1	1	1934
