0	0	0	0	0	0	0	0	0	MIT
1	1	1	0	1	0	0	1	0	MIT
2	0	0	0	0	0	0	1	0	MIT
3	0	2	1	0	0	0	1	0	NUC
4	1	2	0	2	0	0	0	0	MIT
5	2	2	1	0	0	1	0	0	CYT
6	2	3	0	3	0	0	1	0	MIT
7	2	2	1	0	0	0	1	1	NUC
8	2	3	2	4	0	0	0	0	MIT
9	1	4	1	0	0	0	1	0	CYT
10	1	4	1	1	0	0	1	0	NUC
11	1	4	1	0	0	0	1	0	NUC
12	1	2	1	4	0	0	1	0	CYT
13	0	2	0	5	0	0	1	0	MIT
14	3	3	0	0	0	0	0	0	MIT
15	1	2	0	0	0	0	0	0	CYT
16	2	4	0	0	0	0	0	1	CYT
17	0	2	1	0	0	0	0	0	NUC
18	2	4	1	1	0	0	0	0	NUC
19	0	0	1	1	0	0	0	0	NUC
20	1	2	0	0	0	0	0	0	CYT
21	1	2	0	1	0	0	0	0	CYT
22	3	0	3	1	0	0	0	0	CYT
23	1	3	0	0	0	0	1	0	CYT
24	1	3	0	0	0	0	1	0	CYT
25	2	3	0	2	0	0	1	0	MIT
26	0	2	1	0	0	0	2	0	CYT
27	0	2	1	0	0	0	0	0	CYT
28	0	1	1	1	0	0	0	0	MIT
29	4	5	4	4	0	0	1	1	ME1
30	2	3	3	6	0	0	1	1	NUC
31	2	3	3	7	0	0	1	0	MIT
32	1	0	2	0	0	0	1	2	CYT
33	5	3	0	5	0	0	0	0	NUC
34	4	6	3	1	0	0	3	0	ME1
35	4	1	0	4	0	0	3	0	EXC
36	3	0	0	1	0	0	1	0	MIT
37	1	2	1	0	0	0	1	0	CYT
38	0	3	3	5	0	0	0	0	MIT
39	0	3	1	4	0	0	1	0	MIT
40	6	1	3	1	0	0	1	0	ME2
41	6	6	0	4	0	0	1	0	ME2
42	4	0	3	1	0	0	2	0	ME2
43	1	3	3	0	0	0	0	0	ME3
44	5	4	1	0	0	0	0	0	VAC
45	2	4	1	4	0	0	0	1	NUC
46	4	6	1	5	0	0	3	1	ME2
47	2	4	0	1	0	0	0	0	EXC
48	4	0	0	1	0	0	1	0	VAC
49	1	7	4	0	0	0	0	0	ME3
50	2	4	0	1	0	0	1	0	CYT
51	1	3	0	0	0	0	1	3	ME3
52	1	2	1	5	0	0	1	1	NUC
53	0	3	1	1	0	0	0	0	CYT
54	0	0	1	1	0	0	0	0	CYT
55	0	3	1	1	0	0	0	0	CYT
56	3	0	0	6	0	0	0	0	CYT
57	2	2	0	4	0	0	1	0	CYT
58	1	3	1	0	0	0	0	0	CYT
59	1	0	0	3	0	0	1	0	MIT
60	1	4	0	2	0	0	1	0	MIT
61	5	4	0	0	0	0	0	0	NUC
62	2	2	0	4	0	0	1	2	NUC
63	1	2	1	0	0	0	1	0	NUC
64	2	3	3	6	0	0	1	0	CYT
65	0	2	0	1	0	0	0	0	CYT
66	5	2	1	6	0	0	1	0	CYT
67	2	3	1	0	0	0	0	0	CYT
68	2	4	1	0	0	0	1	0	CYT
69	4	5	0	4	0	0	1	0	EXC
70	2	2	0	1	0	0	1	0	CYT
71	0	3	0	1	0	0	1	0	CYT
72	0	3	3	3	0	0	0	0	MIT
73	1	3	1	3	0	0	0	0	MIT
74	1	3	1	1	0	0	0	0	MIT
75	2	2	1	2	0	0	3	0	MIT
76	0	3	1	4	0	0	0	0	MIT
77	2	3	1	2	0	0	0	0	MIT
78	0	0	1	4	0	0	3	0	MIT
79	1	0	0	5	0	0	0	0	MIT
80	2	2	1	5	0	0	1	0	MIT
81	2	0	0	5	0	0	0	0	MIT
82	2	3	1	2	0	0	1	0	MIT
83	2	3	2	4	0	0	0	0	MIT
84	3	0	3	5	0	2	0	0	MIT
85	7	0	5	0	0	0	0	0	ME3
86	1	2	4	0	0	0	1	0	ME3
87	4	0	0	1	0	0	0	0	EXC
88	2	3	1	1	0	0	0	1	NUC
89	1	2	0	5	0	0	1	1	CYT
90	5	2	2	5	0	0	0	1	CYT
91	1	4	0	1	0	0	1	0	MIT
92	1	2	1	0	0	0	0	0	CYT
93	5	2	2	0	0	0	1	4	NUC
94	2	0	0	1	0	0	0	0	CYT
95	1	3	3	1	0	0	3	0	ME3
96	3	1	0	4	0	0	0	0	EXC
97	0	1	3	4	0	0	1	0	MIT
98	4	6	3	1	0	0	1	0	MIT
99	0	0	1	1	0	0	3	0	CYT
100	5	0	4	1	0	0	0	0	ME3
101	5	2	3	0	0	0	0	0	ME3
102	2	3	0	4	0	0	3	0	CYT
103	2	7	1	1	0	0	0	2	NUC
104	2	4	1	1	0	0	0	0	CYT
105	1	0	4	0	0	0	1	0	ME3
106	1	4	1	0	0	0	1	0	CYT
107	5	3	1	0	0	0	0	0	CYT
108	3	0	0	0	0	0	2	0	CYT
109	7	0	0	1	0	0	1	0	CYT
110	1	2	0	5	0	1	0	0	POX
111	1	3	3	1	0	0	0	0	NUC
112	5	4	1	0	0	0	0	4	NUC
113	1	2	0	5	0	0	0	0	NUC
114	1	3	0	0	0	0	1	5	NUC
115	1	2	0	2	0	0	0	0	MIT
116	0	1	1	5	0	0	0	0	MIT
117	2	2	1	5	0	0	0	0	MIT
118	5	3	0	1	0	0	4	0	MIT
119	2	2	2	1	0	0	1	0	MIT
120	0	0	4	1	0	0	0	0	MIT
121	2	3	1	5	0	0	1	0	MIT
122	3	0	1	5	0	0	1	0	MIT
123	0	0	0	5	0	0	1	1	MIT
124	2	3	4	4	0	0	1	0	ME3
125	0	0	1	0	0	0	0	0	MIT
126	1	4	1	0	0	0	1	0	NUC
127	1	1	0	2	0	0	1	0	MIT
128	2	3	1	6	0	0	0	0	NUC
129	1	2	1	5	0	0	0	2	CYT
130	2	0	1	0	0	0	0	0	CYT
131	1	0	0	4	0	0	0	1	CYT
132	0	3	1	1	0	0	3	0	CYT
133	0	3	0	5	0	0	1	0	NUC
134	5	0	1	0	0	0	0	0	NUC
135	5	3	0	1	0	0	1	1	CYT
136	1	0	0	1	0	0	1	4	ME3
137	2	3	0	0	0	0	1	0	NUC
138	5	4	1	0	0	0	0	0	CYT
139	2	4	2	1	0	0	2	0	NUC
140	1	2	1	0	0	0	0	0	CYT
141	0	3	0	5	0	0	1	0	NUC
142	0	0	1	0	0	0	3	0	NUC
143	5	2	3	1	0	0	0	0	NUC
144	1	0	1	0	0	0	1	0	CYT
145	7	4	2	6	0	0	1	4	NUC
146	0	3	0	0	0	0	0	0	CYT
147	1	3	0	4	0	0	1	0	CYT
148	7	4	0	4	0	0	1	6	NUC
149	2	4	0	0	0	0	0	0	NUC
150	0	3	0	0	0	0	0	0	NUC
151	1	4	1	0	0	0	1	2	CYT
152	1	4	3	4	0	0	0	1	NUC
153	1	2	0	1	0	0	1	1	CYT
154	5	1	0	0	0	0	1	0	NUC
155	1	4	0	0	0	0	1	0	NUC
156	1	2	1	6	0	0	0	0	CYT
157	3	1	0	3	0	0	1	1	NUC
158	2	2	1	0	0	0	0	0	NUC
159	3	0	0	5	0	0	2	0	MIT
160	1	2	6	1	0	0	1	1	CYT
160	1	2	6	1	0	0	1	1	CYT
161	2	3	0	0	0	0	1	0	CYT
162	1	3	0	0	0	0	1	2	NUC
163	0	3	1	0	0	0	1	0	NUC
164	5	2	3	0	0	0	1	0	ME3
165	1	2	3	0	0	0	0	0	ME3
166	7	3	4	1	0	0	0	0	ME3
167	1	2	3	4	0	0	0	2	ME3
168	7	2	4	0	0	0	0	2	ME3
169	5	2	1	1	0	0	0	1	NUC
170	2	0	3	0	0	0	0	0	CYT
171	3	2	0	1	0	0	0	0	CYT
172	7	2	1	0	0	0	0	0	CYT
173	1	1	3	5	0	0	1	0	MIT
174	1	4	0	4	0	2	1	0	POX
175	5	4	1	4	0	0	1	1	NUC
176	2	4	0	4	0	0	0	0	NUC
177	1	4	1	1	0	0	0	0	NUC
178	1	2	1	3	0	0	0	0	CYT
179	7	4	6	0	0	0	1	0	CYT
180	2	2	0	0	0	0	0	0	CYT
181	2	4	0	0	0	0	0	0	CYT
182	1	0	1	2	0	0	1	0	CYT
183	2	0	2	1	0	0	2	0	CYT
184	5	3	0	0	0	0	1	0	CYT
185	5	0	0	0	0	0	1	0	CYT
186	5	2	0	1	0	0	2	0	CYT
187	0	3	0	1	0	0	1	0	CYT
188	5	2	0	0	0	0	1	0	CYT
189	4	1	3	1	0	0	0	0	ME1
190	0	1	4	4	0	0	1	0	MIT
191	1	2	1	1	0	0	1	0	CYT
192	2	3	0	2	0	0	1	0	MIT
193	0	3	0	2	0	0	0	0	MIT
194	2	3	1	2	0	0	0	0	MIT
195	0	0	1	5	0	0	0	0	MIT
196	3	0	4	1	0	0	1	0	MIT
197	3	0	3	1	0	0	1	0	MIT
198	1	2	3	4	0	0	0	0	MIT
199	0	0	3	4	0	0	1	0	MIT
200	1	4	2	0	0	0	3	0	MIT
201	2	2	0	5	0	0	1	0	MIT
202	1	0	3	3	0	0	0	0	MIT
203	0	0	4	1	0	0	0	0	MIT
204	2	6	3	4	0	0	0	0	MIT
205	2	3	1	2	0	0	0	0	MIT
206	2	0	3	2	0	0	5	0	MIT
207	2	2	3	5	0	0	3	0	MIT
208	2	2	1	3	0	0	0	0	MIT
209	5	0	3	2	0	0	0	0	MIT
210	2	2	0	2	0	0	0	0	MIT
211	3	1	0	1	0	0	0	0	MIT
212	2	3	0	1	0	0	0	0	CYT
213	5	1	0	1	0	0	1	0	CYT
214	2	2	1	0	0	0	1	0	CYT
215	4	6	1	1	0	0	0	0	EXC
216	2	2	1	5	0	0	1	0	MIT
217	3	5	3	1	0	0	1	0	ME1
218	4	6	1	1	1	0	1	0	ERL
219	3	0	1	1	0	0	2	1	VAC
220	2	3	3	0	0	0	0	0	ME3
221	0	3	0	0	0	0	0	0	NUC
222	0	2	1	1	0	0	3	0	CYT
223	0	2	1	1	0	0	3	0	CYT
224	0	3	0	0	0	0	0	0	NUC
225	2	4	2	1	0	0	3	0	NUC
226	5	4	1	0	0	0	5	0	NUC
227	3	0	3	1	0	0	1	0	ME2
228	5	3	1	0	0	1	3	0	POX
229	1	2	1	0	0	0	0	0	NUC
230	5	2	1	2	0	0	0	1	NUC
231	5	4	4	0	0	0	1	1	ME3
232	4	6	0	1	0	0	0	0	EXC
233	4	6	1	1	0	0	0	0	EXC
234	1	3	1	0	0	0	0	0	CYT
235	1	3	6	0	0	0	1	0	CYT
235	1	3	6	0	0	0	1	0	CYT
236	2	2	0	4	0	0	1	0	MIT
237	1	3	6	0	0	0	2	0	MIT
238	1	3	0	0	0	0	0	0	MIT
239	2	3	1	0	0	0	0	0	MIT
240	1	0	6	1	0	0	1	0	MIT
241	1	7	1	4	0	0	1	7	CYT
242	7	7	0	0	0	0	1	2	CYT
243	2	3	1	0	0	0	0	0	CYT
244	1	1	0	2	0	0	1	2	MIT
245	7	4	2	0	0	0	0	0	MIT
246	2	2	4	1	0	0	1	0	ME3
247	5	2	4	1	0	0	1	0	ME3
248	1	3	0	1	0	2	0	0	POX
249	0	0	1	1	0	0	1	1	NUC
250	1	7	0	0	0	0	3	0	NUC
251	0	2	1	0	0	0	0	0	NUC
252	5	1	3	6	0	0	1	0	VAC
253	7	4	1	4	0	0	3	1	NUC
254	5	2	1	1	0	0	0	1	NUC
255	1	4	0	1	0	0	0	0	NUC
256	7	8	1	0	0	0	0	0	NUC
257	2	3	1	1	0	0	0	1	NUC
258	5	7	0	0	0	0	0	0	NUC
259	1	3	1	1	0	0	0	0	CYT
260	4	2	0	0	0	0	1	0	CYT
261	0	3	0	0	0	0	0	1	NUC
262	1	7	1	1	0	0	3	0	NUC
263	2	0	1	3	0	0	1	1	MIT
264	1	4	1	0	0	0	0	0	NUC
265	2	3	0	6	0	0	0	0	NUC
266	2	0	0	1	0	0	1	0	NUC
267	2	2	3	0	0	0	1	0	ME2
268	1	4	1	0	0	0	0	0	CYT
269	1	2	0	8	0	0	0	3	NUC
270	2	3	4	0	0	0	0	2	ME3
271	0	3	1	0	0	0	1	0	CYT
272	0	7	1	0	0	0	0	0	NUC
273	5	3	0	1	0	0	0	0	NUC
274	6	0	4	6	0	0	1	0	ME2
275	1	2	1	0	0	0	1	0	CYT
276	2	3	0	1	0	0	0	0	CYT
277	5	4	1	0	0	0	0	0	NUC
278	5	3	4	1	0	0	1	1	ME3
279	4	1	4	1	0	0	1	0	ME1
280	2	2	1	0	0	0	1	2	CYT
281	1	3	1	4	0	0	1	0	CYT
282	1	3	1	4	0	0	1	0	CYT
283	5	2	3	0	0	0	1	0	ME3
284	2	6	3	0	0	0	0	0	ME3
285	3	3	3	1	0	0	1	0	ME2
286	0	0	3	0	0	0	1	0	ME3
287	2	0	0	4	0	0	1	0	CYT
288	0	0	3	0	0	0	1	0	ME2
289	0	0	0	0	0	0	1	0	CYT
290	8	0	3	1	0	0	1	0	ME2
291	2	3	0	0	0	0	1	0	CYT
292	0	0	3	1	0	0	0	0	ME3
293	0	3	3	0	0	0	1	0	ME3
294	5	2	3	0	0	0	0	0	ME3
295	5	2	1	0	0	0	1	0	CYT
296	5	4	0	0	0	0	0	0	ME2
297	0	0	0	0	0	0	1	0	CYT
298	2	1	3	0	0	0	1	0	ME3
299	3	3	3	0	0	0	0	0	ME2
300	2	2	0	4	0	0	1	2	NUC
301	5	0	0	0	0	0	1	2	NUC
302	4	6	0	4	1	0	1	0	ERL
303	4	5	0	4	0	0	0	0	EXC
304	5	2	0	0	1	0	1	1	CYT
305	1	3	0	0	0	0	0	0	CYT
306	0	0	0	1	0	0	0	0	CYT
307	0	0	3	0	0	0	1	0	CYT
308	7	2	0	0	0	0	0	0	CYT
309	0	0	1	1	0	0	1	0	CYT
310	0	0	0	1	0	0	1	0	CYT
311	3	0	1	0	0	0	0	1	CYT
312	1	4	4	0	0	0	1	0	ME3
313	2	3	3	1	0	0	0	0	ME3
314	1	2	5	0	0	0	0	0	ME3
315	5	2	0	6	0	0	0	2	NUC
316	4	6	3	4	0	0	3	0	EXC
317	3	0	0	0	0	2	1	0	POX
318	1	3	3	1	0	0	1	0	POX
319	5	4	1	0	0	0	1	0	CYT
320	4	1	0	1	0	0	1	0	ME1
321	2	0	0	0	0	0	2	3	NUC
322	1	3	3	0	0	0	0	0	ME3
323	6	6	4	5	0	0	1	1	ME1
324	4	5	3	5	0	0	1	0	ME2
325	1	2	1	0	0	0	1	0	CYT
326	2	2	1	0	0	0	0	0	CYT
327	1	4	0	2	0	0	0	0	CYT
328	5	4	4	1	0	0	1	0	ME3
329	3	0	0	4	0	0	1	0	CYT
330	5	3	4	1	0	0	1	0	ME3
331	6	1	4	8	0	0	0	2	ME1
332	2	0	1	1	0	0	1	0	CYT
333	5	2	2	1	0	0	0	0	NUC
334	2	1	1	4	0	0	1	1	CYT
335	2	4	3	1	0	0	1	0	CYT
336	0	0	0	0	0	0	1	0	CYT
337	0	0	1	0	0	0	4	2	NUC
338	1	3	3	0	0	0	0	0	ME3
339	1	2	0	0	0	0	0	0	NUC
340	2	3	0	0	0	0	0	0	CYT
341	0	0	0	1	0	0	1	0	NUC
342	2	2	4	1	0	0	1	0	ME3
343	5	1	1	4	0	0	1	1	NUC
344	3	1	3	4	0	0	1	0	ME1
345	7	7	1	1	0	0	0	0	NUC
346	1	2	0	0	0	0	0	0	CYT
347	2	4	0	0	0	0	0	2	CYT
348	1	4	0	0	0	0	0	0	CYT
349	5	4	0	0	0	0	1	0	CYT
350	0	0	0	1	0	0	0	1	CYT
351	1	3	3	0	0	0	1	1	CYT
352	5	4	0	0	0	0	0	4	CYT
353	1	3	0	0	0	0	1	0	CYT
354	0	3	1	0	0	0	1	0	NUC
355	5	4	1	0	0	0	1	0	NUC
356	7	3	0	4	0	0	0	0	NUC
357	2	3	1	0	0	0	0	0	NUC
358	9	4	0	6	0	0	1	0	NUC
359	1	3	1	0	0	0	0	0	NUC
360	0	2	1	0	0	0	0	0	CYT
361	6	1	1	5	0	0	1	0	ME2
362	1	2	1	0	0	0	0	0	CYT
363	0	2	0	0	0	0	1	0	CYT
364	0	3	0	0	0	0	1	0	CYT
365	2	4	4	0	0	0	1	0	ME3
366	2	3	0	0	0	0	0	1	CYT
367	2	2	0	0	0	0	1	0	CYT
368	2	2	0	0	0	0	1	0	CYT
369	2	4	0	0	0	0	0	0	CYT
370	1	4	1	0	0	0	1	0	CYT
371	1	3	1	0	0	0	0	1	NUC
372	2	2	1	0	0	0	0	1	CYT
373	5	1	0	0	0	0	0	1	NUC
374	7	4	4	6	0	0	0	1	ME3
375	4	3	0	6	0	0	1	1	CYT
376	3	3	3	0	0	0	1	0	ME2
377	5	3	0	0	0	0	0	0	CYT
378	1	3	0	4	0	0	1	0	CYT
379	5	2	0	0	0	0	0	0	CYT
380	2	2	1	1	0	0	1	0	CYT
381	1	4	0	0	0	0	0	4	NUC
382	1	3	0	0	0	0	1	2	CYT
383	0	3	1	6	0	0	0	0	NUC
384	0	3	1	0	0	0	0	0	NUC
385	0	2	0	1	0	0	1	1	CYT
386	0	2	0	1	0	0	0	1	CYT
387	1	0	1	1	0	0	0	2	NUC
388	3	3	0	5	0	0	0	0	MIT
389	1	3	2	0	0	0	1	0	CYT
390	0	3	3	2	0	0	1	3	NUC
391	2	3	2	0	0	0	5	0	NUC
392	7	3	1	0	0	0	0	0	NUC
393	0	0	2	4	1	0	2	1	NUC
394	7	4	0	0	0	0	0	2	CYT
395	1	0	1	0	0	0	1	0	NUC
396	1	2	1	1	0	0	1	1	NUC
397	0	0	0	2	0	0	1	0	MIT
398	2	4	0	0	0	0	0	0	CYT
399	5	2	1	0	0	0	3	1	CYT
400	2	2	1	3	0	0	0	0	MIT
401	2	2	0	0	0	0	1	0	CYT
402	1	2	1	0	0	0	1	0	CYT
403	1	2	2	0	0	0	1	1	NUC
404	5	4	1	1	0	0	0	7	NUC
404	5	4	1	1	0	0	0	7	NUC
405	1	4	1	2	0	0	3	7	NUC
405	1	4	1	2	0	0	3	7	NUC
406	2	2	3	1	0	0	1	0	ME3
407	2	0	0	6	0	0	1	2	NUC
408	0	0	0	1	0	0	0	2	NUC
409	0	2	1	0	0	0	1	0	CYT
410	2	0	4	4	0	0	1	0	ME3
411	2	1	4	5	0	0	1	0	ME3
412	5	7	2	4	0	0	0	0	NUC
413	2	3	1	1	0	0	0	0	NUC
414	2	4	1	0	0	0	0	0	NUC
413	2	3	1	1	0	0	0	0	NUC
415	2	3	1	0	0	0	0	1	NUC
416	5	1	0	1	0	0	0	1	NUC
417	2	2	0	0	0	0	1	2	NUC
418	5	7	4	1	0	0	1	0	ME3
419	6	5	4	4	0	0	1	2	ME1
420	1	4	0	1	0	0	3	0	NUC
421	0	3	0	0	0	0	1	2	CYT
422	5	4	2	0	0	0	1	0	NUC
423	2	3	1	1	0	0	0	0	MIT
424	3	0	0	0	0	0	0	0	CYT
425	1	2	1	0	0	0	1	0	CYT
426	5	0	4	1	0	0	0	0	ME3
427	1	3	0	3	0	0	1	0	MIT
428	1	2	0	8	0	0	0	0	MIT
429	0	3	0	0	0	0	1	2	CYT
430	1	3	0	4	0	0	0	0	NUC
431	1	3	0	4	0	0	0	0	NUC
432	5	4	2	0	0	0	1	1	NUC
433	5	4	2	0	0	0	1	1	NUC
434	2	1	0	2	0	0	1	0	MIT
435	1	7	0	1	0	0	1	0	CYT
436	1	2	0	1	0	0	0	0	CYT
437	5	3	4	1	0	0	0	0	ME3
438	2	2	4	1	0	0	0	0	ME3
439	5	2	4	1	0	0	0	0	ME3
440	1	2	4	0	0	0	0	0	ME3
441	1	2	3	0	0	0	0	0	ME3
442	1	0	4	0	0	0	0	0	ME3
443	1	0	4	0	0	0	0	0	ME3
444	1	2	4	0	0	0	1	0	ME3
445	2	3	1	6	0	0	0	0	POX
446	2	3	0	5	0	0	1	0	MIT
447	1	3	1	3	0	0	1	0	MIT
448	2	2	2	0	0	0	1	0	CYT
449	2	3	0	5	0	0	0	0	MIT
450	2	3	0	5	0	0	1	0	MIT
451	2	2	0	0	0	0	1	0	CYT
452	2	3	0	5	0	0	0	0	MIT
453	1	0	1	8	0	0	0	0	MIT
454	0	0	1	3	0	0	0	0	MIT
455	2	2	2	0	0	0	1	0	NUC
456	3	3	1	1	0	0	0	0	MIT
457	5	3	0	1	0	0	0	0	MIT
458	2	0	2	5	0	0	3	7	MIT
459	2	4	3	0	0	0	0	0	CYT
460	0	2	1	0	0	0	0	0	NUC
461	1	4	1	0	0	0	0	2	NUC
462	1	3	1	1	0	0	1	0	CYT
463	2	0	3	0	0	0	1	0	ME3
464	1	2	3	0	0	0	1	0	ME3
465	6	6	4	8	0	0	1	3	ME1
466	0	3	0	1	0	0	0	0	MIT
467	0	0	0	0	0	0	1	0	MIT
468	2	2	4	1	0	0	0	1	ME3
469	5	3	4	4	0	0	0	1	ME3
470	1	4	2	0	0	0	6	0	NUC
471	2	2	3	4	0	0	1	4	ME3
472	3	3	3	1	0	0	2	0	ME2
473	2	2	0	1	0	0	0	1	NUC
474	1	2	0	5	0	0	1	0	MIT
475	5	4	4	0	0	0	1	0	ME3
476	1	3	3	0	0	0	0	0	ME3
477	3	1	3	4	0	0	0	1	ME1
478	4	6	4	4	0	0	0	0	ME2
479	3	0	3	1	0	0	1	0	ME3
480	2	2	4	4	0	0	1	0	ME3
481	1	7	1	0	0	0	0	0	CYT
482	7	4	3	1	0	0	0	0	NUC
483	6	3	4	4	1	0	1	0	ERL
484	5	4	1	4	0	0	0	0	NUC
485	0	3	0	1	0	0	1	1	NUC
486	3	0	4	5	0	0	2	1	ME1
487	3	1	3	4	0	0	1	0	ME1
488	2	3	1	2	0	0	0	0	MIT
489	2	3	1	2	0	0	0	2	MIT
490	6	0	3	1	0	0	1	0	EXC
491	6	6	4	4	0	0	0	0	EXC
492	2	2	0	0	0	0	0	1	ME3
493	5	4	0	1	0	0	0	1	ME3
494	0	3	0	0	0	0	0	0	NUC
495	1	3	1	2	1	0	0	0	CYT
496	1	3	1	9	0	0	0	0	CYT
497	1	4	1	1	0	0	0	0	NUC
498	6	5	0	2	0	0	4	0	ME1
499	7	3	1	0	0	0	1	0	CYT
500	6	6	1	5	0	0	1	0	ME2
501	6	9	0	4	1	0	1	1	ERL
502	5	3	4	4	0	0	0	0	ME3
503	6	5	1	4	0	0	5	0	EXC
504	1	2	1	0	0	0	0	1	CYT
505	2	3	1	1	0	0	1	0	NUC
506	4	0	3	4	0	0	1	0	ME2
507	4	6	1	4	0	0	0	0	ME2
508	0	6	3	4	0	0	1	0	ME2
509	8	0	4	5	0	0	1	0	ME2
510	5	2	1	0	0	0	3	0	MIT
511	1	3	3	1	0	0	0	0	ME3
512	2	3	1	2	0	0	0	0	CYT
513	1	4	0	0	0	0	1	0	VAC
514	1	4	0	1	0	0	0	1	NUC
515	2	0	0	3	0	0	0	0	MIT
516	6	3	0	0	0	0	0	0	ME2
517	5	4	0	0	0	0	1	0	ME2
518	2	2	0	0	0	0	1	1	CYT
519	2	3	0	0	0	0	1	0	CYT
520	1	2	3	0	0	0	0	2	NUC
521	2	0	1	0	0	0	0	0	MIT
522	1	2	3	0	0	0	0	0	ME3
523	3	3	1	3	0	0	0	1	MIT
524	2	2	0	1	0	0	1	0	NUC
525	2	3	0	5	0	0	1	0	MIT
526	1	8	4	1	0	0	0	0	ME3
527	2	2	0	0	0	0	0	0	CYT
528	1	3	3	0	0	0	1	6	NUC
529	1	2	0	0	0	0	0	0	CYT
530	2	3	1	2	0	0	0	0	NUC
531	0	0	1	0	0	0	0	1	NUC
532	1	4	1	0	0	0	2	0	NUC
533	4	3	0	1	0	0	1	2	ME2
534	2	0	2	0	0	0	0	2	NUC
535	2	4	2	0	0	0	1	0	CYT
536	1	4	4	1	0	0	1	0	ME3
537	1	4	1	0	0	0	0	0	CYT
538	5	4	1	1	0	0	1	0	NUC
539	1	4	4	1	0	0	1	0	ME3
540	5	4	1	1	0	0	1	0	NUC
541	2	3	1	1	0	0	0	0	CYT
542	2	0	1	3	0	0	0	0	MIT
543	2	3	1	5	0	0	1	0	MIT
544	3	0	3	1	0	0	0	0	MIT
545	1	2	0	0	0	0	1	0	MIT
546	4	0	0	5	0	0	1	0	MIT
547	2	3	0	0	0	0	3	4	NUC
548	9	3	0	0	0	0	7	0	NUC
549	7	4	0	4	0	0	0	4	NUC
550	2	3	0	0	0	0	0	2	NUC
551	0	3	0	5	0	0	1	0	MIT
552	0	0	0	0	0	0	1	0	CYT
553	3	0	0	0	0	2	1	0	POX
554	1	3	1	2	0	0	0	0	MIT
555	2	2	3	5	0	0	0	0	ME3
556	3	3	3	1	0	0	0	0	ME2
557	2	2	0	1	0	0	0	0	CYT
558	5	2	1	1	0	0	0	0	MIT
559	1	0	0	1	0	0	1	0	NUC
560	2	3	0	5	0	0	0	0	MIT
561	2	3	0	3	0	0	1	0	MIT
562	3	3	3	1	0	0	0	0	NUC
563	3	1	0	0	0	0	1	0	EXC
564	2	0	4	1	0	0	1	0	ME3
565	2	3	0	0	0	0	0	0	NUC
566	1	3	2	1	0	0	0	1	NUC
567	0	2	3	0	0	0	1	0	CYT
568	1	2	0	0	0	0	0	0	CYT
569	5	3	1	0	0	0	1	0	CYT
570	1	5	1	0	0	0	0	1	NUC
571	2	0	0	1	0	0	1	0	NUC
572	5	2	1	1	0	0	0	0	CYT
573	1	2	1	1	0	0	3	0	EXC
574	4	6	1	4	0	0	3	0	EXC
575	4	6	0	4	0	0	0	0	EXC
576	1	3	2	3	0	0	0	0	MIT
577	3	3	0	5	0	0	1	0	MIT
578	2	3	1	5	0	0	0	1	MIT
579	2	3	1	0	0	0	1	0	NUC
580	5	4	1	0	0	0	1	2	NUC
581	1	4	1	0	0	0	3	2	NUC
582	2	2	1	2	0	0	0	3	MIT
583	0	0	0	1	0	0	1	0	MIT
584	1	1	0	3	0	0	1	2	MIT
585	3	3	0	0	0	0	1	1	NUC
586	1	3	2	0	0	0	0	0	CYT
587	1	3	1	1	0	2	0	0	POX
588	3	1	4	2	0	0	0	0	ME2
589	4	3	4	4	0	0	0	0	ME2
590	6	3	3	1	0	0	1	1	ME2
591	3	3	1	1	0	0	3	0	MIT
592	0	2	0	4	0	0	0	2	NUC
593	1	1	0	7	0	0	0	1	MIT
594	0	0	3	1	0	0	0	0	MIT
595	1	7	1	0	0	0	1	1	NUC
596	0	0	1	4	0	0	0	0	MIT
597	5	2	1	5	0	0	0	0	MIT
598	2	2	1	4	0	0	0	0	MIT
599	1	3	1	0	0	0	1	0	MIT
600	0	2	2	1	0	0	0	7	MIT
601	2	3	1	4	0	0	0	0	MIT
602	1	3	1	3	0	0	0	0	MIT
603	2	2	2	4	0	0	0	0	MIT
604	0	3	1	4	0	2	1	0	MIT
605	1	4	2	0	0	0	1	0	MIT
606	0	0	2	2	0	0	0	0	MIT
607	2	2	1	1	0	0	0	0	MIT
608	1	3	1	5	0	0	3	1	MIT
609	1	2	2	4	0	0	2	7	MIT
610	1	2	2	4	0	0	0	0	MIT
611	0	3	2	4	0	0	3	7	MIT
612	0	0	1	1	0	0	0	0	MIT
613	0	0	1	4	0	0	0	0	MIT
614	0	0	1	1	0	0	0	0	MIT
615	0	3	2	5	0	0	0	0	MIT
616	0	2	1	0	0	0	0	0	MIT
617	5	4	1	5	0	0	0	0	MIT
618	2	3	2	4	0	0	0	0	MIT
619	0	0	1	5	0	0	0	0	MIT
620	2	3	1	4	0	0	0	0	MIT
621	0	3	1	5	0	0	0	0	MIT
622	3	3	1	2	0	0	0	0	MIT
623	1	3	1	5	0	0	0	0	MIT
624	0	3	0	2	0	0	0	1	MIT
625	0	2	0	4	0	0	0	0	MIT
626	2	0	0	3	0	0	1	1	MIT
627	2	0	0	0	0	0	0	0	MIT
628	1	6	0	0	0	0	0	0	MIT
629	4	6	4	1	0	0	0	0	ME1
630	2	3	0	5	0	0	1	1	MIT
631	1	4	0	1	0	0	0	0	MIT
632	2	2	0	2	0	0	0	0	MIT
633	5	2	3	0	0	0	1	1	NUC
634	2	0	0	1	0	0	1	0	NUC
635	2	2	3	5	0	0	1	0	NUC
636	2	3	0	3	0	0	0	0	MIT
637	2	3	0	5	0	0	0	0	MIT
638	2	4	2	0	0	0	3	0	NUC
639	2	2	1	0	0	0	1	1	NUC
640	2	3	2	1	0	0	1	4	NUC
641	0	0	0	1	0	0	1	0	MIT
642	1	2	1	4	0	0	0	0	MIT
643	0	0	1	3	0	0	1	0	MIT
644	0	0	0	5	0	0	1	0	MIT
645	0	2	1	0	0	0	0	0	MIT
646	2	3	1	4	0	0	0	0	MIT
647	1	2	1	3	0	0	0	0	MIT
648	1	3	1	4	0	0	0	0	MIT
649	0	2	0	1	0	0	1	0	CYT
650	1	2	1	0	0	0	1	0	MIT
651	2	2	1	1	0	0	0	2	NUC
652	1	4	0	0	0	0	0	0	NUC
653	0	4	3	1	0	0	0	0	CYT
654	2	2	0	1	1	0	0	0	CYT
655	1	2	0	0	0	0	0	0	CYT
656	1	0	0	0	0	0	5	0	EXC
657	0	3	0	1	0	0	1	1	NUC
658	2	0	1	0	0	0	0	0	EXC
659	4	6	4	4	0	0	3	0	ME1
660	1	2	4	1	0	0	0	0	ME3
661	2	0	1	0	0	0	0	0	CYT
662	0	0	0	0	0	0	5	0	NUC
663	1	7	1	0	0	0	3	0	NUC
664	2	2	1	5	0	0	1	0	MIT
665	0	3	0	5	0	0	0	0	MIT
666	5	2	0	0	0	0	0	0	CYT
667	5	3	1	4	0	0	0	0	MIT
668	5	4	1	1	0	0	0	0	NUC
669	2	4	1	5	0	0	1	1	CYT
670	0	0	3	2	0	0	0	1	CYT
671	4	0	1	0	0	0	1	0	ME2
672	2	0	3	4	0	0	0	1	NUC
673	2	0	0	1	0	0	0	1	NUC
674	2	0	0	5	0	0	1	0	MIT
675	2	3	1	2	0	0	1	1	NUC
676	5	2	1	1	0	0	0	4	NUC
677	5	2	0	0	0	0	2	7	NUC
678	1	4	2	1	0	0	0	0	NUC
679	9	2	2	0	0	0	0	0	NUC
680	1	3	3	0	0	0	1	1	NUC
681	2	3	1	0	0	0	2	0	CYT
682	5	3	3	1	0	0	0	0	CYT
683	5	7	0	0	0	0	1	0	NUC
684	2	2	0	0	0	0	1	0	CYT
685	5	2	1	1	0	0	1	0	NUC
686	1	7	1	4	0	0	1	4	NUC
687	5	3	1	0	0	0	1	6	NUC
688	1	8	0	1	0	0	0	1	NUC
689	1	4	2	0	0	0	0	0	NUC
690	6	2	1	5	0	0	2	0	NUC
691	5	3	1	0	0	0	2	0	NUC
692	5	4	1	1	0	0	0	0	CYT
693	4	1	0	1	0	0	1	1	MIT
694	2	2	0	0	0	0	0	2	NUC
695	2	4	0	0	0	0	1	0	NUC
696	0	6	0	0	0	0	0	0	NUC
697	1	2	1	5	0	0	1	3	NUC
698	6	3	1	0	0	0	0	0	NUC
699	6	0	1	4	0	0	3	0	NUC
700	3	3	0	1	0	0	1	0	NUC
701	7	4	1	1	0	0	1	1	NUC
702	3	0	0	6	1	0	0	0	NUC
703	6	0	3	2	0	0	0	1	ME2
704	1	4	3	0	0	0	0	0	ME2
705	4	0	3	0	0	0	2	0	MIT
706	2	0	4	0	0	0	1	0	MIT
707	4	1	2	4	0	0	0	1	MIT
708	1	3	1	1	0	0	1	0	MIT
709	0	3	1	0	0	0	5	0	NUC
710	2	3	0	1	0	0	0	0	ME3
711	1	2	0	6	0	0	0	3	NUC
712	5	2	0	0	0	0	0	4	NUC
713	1	7	1	0	0	0	2	0	MIT
714	4	1	3	1	0	0	1	0	ME2
715	2	7	1	0	0	2	1	0	POX
716	7	3	1	0	0	0	0	0	CYT
717	3	4	0	0	0	0	3	1	CYT
718	0	3	0	1	0	0	0	1	NUC
719	0	3	0	1	0	0	0	0	CYT
720	2	3	1	0	0	0	0	0	POX
721	2	2	1	1	0	0	1	0	POX
722	3	0	3	5	0	0	3	0	POX
723	2	3	1	1	0	0	0	0	POX
724	1	2	2	0	0	0	2	0	CYT
725	2	3	4	0	0	0	1	0	ME3
726	0	3	1	2	0	0	1	0	MIT
727	2	3	1	3	0	0	0	0	MIT
728	2	2	1	0	0	0	0	1	CYT
729	2	2	1	1	0	0	1	0	CYT
730	2	2	0	0	0	0	0	1	CYT
731	2	2	0	0	0	0	0	0	CYT
732	2	0	0	6	0	0	1	0	CYT
733	1	0	0	6	0	0	0	0	CYT
734	3	5	0	1	1	0	1	0	ERL
735	5	4	0	0	0	0	1	1	NUC
736	0	2	3	5	0	0	0	1	NUC
737	1	3	3	0	0	0	0	1	ME3
738	5	2	1	0	0	0	0	0	NUC
739	1	0	1	5	0	0	1	0	MIT
740	4	5	4	1	0	0	1	1	ME1
741	7	2	5	0	0	0	3	0	VAC
742	2	2	0	1	0	0	1	0	VAC
743	4	6	1	1	0	0	1	0	VAC
744	1	3	0	1	0	0	1	0	VAC
745	1	4	1	0	0	0	1	0	VAC
746	3	2	1	1	0	0	1	0	NUC
747	2	4	0	5	0	0	0	1	MIT
748	1	3	0	5	0	0	0	0	MIT
749	4	0	3	4	0	0	0	0	MIT
750	0	1	0	4	0	0	5	0	MIT
751	2	2	1	4	0	0	1	0	MIT
752	7	7	1	0	0	0	1	1	MIT
753	0	2	1	1	0	0	0	0	MIT
754	2	3	0	4	0	1	0	0	MIT
755	0	0	0	3	0	0	0	0	MIT
756	2	0	2	1	0	0	0	0	MIT
757	0	3	0	0	0	0	0	0	CYT
758	0	2	0	1	0	0	0	0	CYT
759	1	2	0	0	1	0	1	0	CYT
760	2	3	1	0	0	0	3	0	CYT
761	1	3	1	1	0	0	3	4	NUC
762	1	2	1	1	0	0	0	0	CYT
763	2	2	0	0	0	0	1	0	CYT
764	1	2	1	0	0	0	1	0	CYT
765	7	4	1	0	0	0	1	0	CYT
766	2	2	1	1	0	0	0	0	NUC
767	4	1	0	1	0	0	0	0	EXC
768	4	1	0	1	0	0	0	0	EXC
769	1	0	0	0	0	0	1	0	CYT
770	4	1	0	1	0	0	0	0	EXC
771	1	2	1	1	0	0	0	0	NUC
772	4	6	0	1	0	0	0	0	EXC
773	1	6	4	1	0	0	0	2	ME3
774	2	3	3	0	0	0	1	1	NUC
775	1	2	3	0	0	0	1	0	ME3
776	1	4	1	0	0	0	0	0	NUC
777	5	7	4	0	0	0	1	0	ME3
778	2	2	1	5	0	0	0	0	NUC
779	0	0	0	3	0	0	0	1	MIT
780	1	2	3	1	0	0	0	2	NUC
781	2	3	1	8	0	0	1	1	MIT
782	4	6	0	1	0	0	5	0	EXC
783	4	1	0	1	0	0	4	0	EXC
784	4	1	0	1	0	0	5	0	EXC
785	2	0	0	1	0	0	0	0	ME3
786	4	1	3	1	0	0	1	0	ME1
787	2	0	4	4	0	0	0	2	ME3
788	7	3	4	0	0	0	1	1	ME3
789	1	4	4	0	0	0	0	1	VAC
790	2	3	1	0	0	0	1	0	CYT
791	8	1	5	4	0	0	5	0	ME2
792	8	1	4	5	0	0	5	0	ME2
793	1	2	4	1	0	0	1	1	ME3
794	1	3	4	0	0	0	1	1	ME3
795	1	3	0	0	0	0	0	1	NUC
796	5	3	3	0	0	0	0	0	ME3
797	7	3	4	1	0	0	0	0	ME3
798	2	3	0	0	0	0	1	0	NUC
799	5	4	1	0	0	0	0	0	NUC
800	2	3	0	0	0	0	0	1	NUC
801	5	3	0	1	0	0	1	1	NUC
802	7	4	0	1	0	0	0	0	NUC
803	2	1	1	0	0	0	1	0	NUC
804	0	3	1	1	0	0	1	0	NUC
805	1	3	3	0	0	0	1	0	NUC
806	2	2	1	1	0	0	4	0	NUC
807	1	4	0	4	0	0	0	0	POX
808	3	3	4	0	0	0	2	0	ME3
809	1	0	1	4	0	0	0	0	MIT
810	1	2	1	0	0	0	1	0	CYT
811	1	7	0	1	0	0	1	0	NUC
812	2	3	0	1	0	0	1	0	CYT
813	4	1	0	0	0	0	1	1	VAC
814	3	1	0	1	0	0	1	0	VAC
815	0	3	1	2	0	0	1	0	VAC
816	2	0	1	0	0	0	0	0	CYT
817	1	0	1	1	0	0	0	0	CYT
818	2	0	0	0	0	0	0	0	CYT
819	1	3	1	0	0	0	0	0	CYT
820	2	2	1	0	0	0	0	0	CYT
821	2	2	1	1	0	0	3	0	CYT
822	5	4	1	0	0	0	0	0	NUC
823	1	3	1	2	0	0	0	0	NUC
824	0	3	0	0	0	0	0	0	CYT
825	4	0	0	0	0	0	1	0	CYT
826	0	0	1	0	0	0	0	2	NUC
827	5	4	0	6	0	0	0	0	NUC
828	2	2	1	4	0	0	0	0	NUC
829	5	7	0	4	0	0	0	0	NUC
830	1	7	1	6	0	0	0	2	NUC
831	3	4	0	0	0	0	0	1	NUC
832	0	2	0	0	0	0	0	0	NUC
833	2	4	0	0	0	0	1	0	NUC
834	5	3	0	0	0	0	0	0	NUC
835	5	4	1	0	0	0	0	1	NUC
836	5	8	1	0	1	0	1	2	NUC
837	2	2	1	1	0	0	0	1	NUC
838	1	7	0	6	0	0	0	2	NUC
839	2	4	1	1	0	0	0	1	NUC
840	1	2	0	0	0	0	1	0	CYT
841	7	3	1	0	0	0	1	0	CYT
842	2	3	1	1	0	0	1	0	CYT
843	2	3	0	4	0	0	0	0	CYT
844	0	2	0	5	0	0	0	0	CYT
845	2	2	3	3	0	0	0	0	MIT
846	5	2	0	2	0	0	0	1	NUC
847	4	3	4	4	0	0	0	0	ME2
848	2	2	1	0	0	0	3	0	CYT
849	1	7	0	4	0	0	1	0	CYT
850	5	4	3	0	0	0	1	1	ME3
851	2	3	1	0	0	0	5	0	CYT
852	5	2	1	0	0	0	0	0	CYT
853	2	3	1	0	0	0	1	0	CYT
854	0	0	0	5	0	0	1	0	MIT
855	1	3	0	5	0	0	1	0	MIT
856	5	2	3	5	0	0	1	0	NUC
857	0	3	4	1	0	0	0	0	ME3
858	1	2	0	1	0	0	0	1	CYT
859	1	2	0	1	0	0	0	1	CYT
860	0	3	0	1	0	0	1	0	CYT
861	2	0	0	1	0	0	1	0	MIT
862	2	2	1	4	0	0	1	0	MIT
863	0	3	1	0	0	0	1	0	MIT
864	0	0	1	0	0	0	1	0	MIT
865	1	4	1	0	0	0	0	0	MIT
866	3	3	3	4	0	0	0	0	MIT
867	7	2	0	0	0	0	0	1	NUC
868	0	4	1	0	0	0	3	0	NUC
869	1	8	1	6	0	0	0	0	NUC
870	5	7	0	4	0	0	0	3	NUC
871	2	3	1	0	0	0	0	1	NUC
872	1	2	1	1	0	0	0	2	NUC
873	1	3	1	0	0	0	0	0	NUC
874	2	2	0	0	0	0	0	0	NUC
875	2	3	0	0	0	0	0	0	NUC
876	5	7	0	0	0	0	0	8	NUC
877	5	3	0	0	0	0	0	4	NUC
878	1	3	0	1	0	0	0	0	NUC
879	2	0	1	0	0	0	0	0	NUC
880	5	4	1	1	0	0	0	1	NUC
881	1	2	0	4	0	0	0	0	NUC
882	0	3	1	6	0	0	0	0	NUC
883	1	3	1	1	0	0	0	1	NUC
884	2	2	1	5	0	0	1	0	NUC
885	2	3	0	1	0	0	1	6	NUC
886	1	3	0	1	0	0	1	2	NUC
887	2	0	0	1	0	0	1	3	NUC
888	0	2	0	2	0	0	1	0	CYT
889	1	0	0	0	0	0	0	0	CYT
890	2	3	1	0	0	0	0	1	NUC
891	0	2	1	0	0	0	0	0	CYT
892	3	3	1	0	0	0	3	0	CYT
893	2	2	1	4	0	0	0	0	NUC
894	1	2	3	3	0	0	1	0	MIT
895	0	4	1	0	0	0	0	1	NUC
896	2	1	0	1	0	0	3	0	NUC
897	1	4	1	0	0	0	0	0	NUC
898	1	2	1	0	0	0	3	0	NUC
899	0	3	0	0	0	0	0	1	NUC
900	1	1	3	0	0	0	1	0	ME3
901	5	3	1	1	0	0	0	2	NUC
902	5	2	1	1	0	0	0	0	NUC
903	1	2	1	6	0	0	0	0	NUC
904	0	3	1	1	0	0	0	0	NUC
905	2	2	1	0	0	0	0	1	NUC
906	5	0	0	1	0	0	0	0	NUC
907	2	2	1	1	0	0	0	0	NUC
908	1	1	4	1	0	0	1	0	NUC
909	1	8	1	1	0	0	0	0	NUC
910	0	3	0	4	0	0	3	1	CYT
911	0	2	0	4	0	0	1	0	CYT
912	5	2	3	1	0	0	1	4	NUC
913	2	4	2	5	0	0	0	0	MIT
914	1	2	0	1	0	0	0	0	MIT
915	2	3	0	2	0	0	1	0	MIT
916	1	3	1	1	0	0	0	0	NUC
917	1	3	0	0	0	0	2	0	CYT
918	0	3	4	5	0	0	0	0	NUC
919	5	0	0	1	0	0	0	0	NUC
920	2	2	0	4	0	0	0	0	NUC
921	2	4	2	4	0	0	3	1	NUC
922	1	2	2	0	0	0	3	1	NUC
923	1	2	1	1	0	0	0	0	CYT
924	1	4	1	1	0	0	0	0	CYT
925	2	3	1	0	0	0	0	0	CYT
926	1	3	1	1	0	0	0	7	CYT
926	1	3	1	1	0	0	0	7	CYT
927	0	4	1	4	0	0	0	0	CYT
927	0	4	1	4	0	0	0	0	CYT
928	1	4	1	4	0	0	3	7	CYT
929	1	4	1	4	0	0	3	7	CYT
930	2	4	1	0	0	0	0	0	CYT
931	3	3	0	6	0	0	1	0	NUC
932	5	2	1	1	0	0	0	0	NUC
933	0	3	1	0	0	0	0	1	NUC
934	0	4	3	1	0	0	1	0	NUC
935	0	3	2	1	0	0	1	0	NUC
936	2	2	2	0	0	0	1	0	NUC
937	5	3	0	0	0	0	0	0	NUC
938	2	0	1	0	0	0	0	0	NUC
939	1	2	1	5	0	0	0	4	NUC
940	1	7	1	0	0	0	0	0	NUC
941	7	4	1	0	0	0	0	0	NUC
942	2	2	1	1	0	0	1	0	NUC
943	1	3	1	1	0	0	0	0	NUC
944	5	2	0	4	0	0	3	0	NUC
945	2	3	2	1	0	0	3	0	NUC
946	1	3	0	4	0	0	0	1	NUC
947	5	0	2	0	0	0	0	0	NUC
948	0	2	2	1	0	0	8	1	NUC
949	5	2	1	0	0	0	0	0	NUC
950	1	4	1	1	0	0	1	0	NUC
951	5	3	1	1	0	0	1	1	NUC
952	5	2	0	0	0	0	0	1	NUC
953	5	7	0	0	0	0	1	0	NUC
954	5	4	0	5	0	0	0	2	CYT
955	1	4	6	0	0	0	5	0	CYT
955	1	4	6	0	0	0	5	0	CYT
956	0	2	0	1	0	0	3	7	CYT
957	0	2	0	1	0	0	3	7	CYT
958	0	3	0	0	0	0	1	1	CYT
958	0	3	0	0	0	0	1	1	CYT
959	0	3	1	0	0	0	0	0	CYT
960	0	3	1	0	0	0	1	1	CYT
960	0	3	1	0	0	0	1	1	CYT
961	1	3	0	0	0	0	0	7	CYT
962	5	3	0	0	0	0	0	7	CYT
963	5	2	2	5	0	0	5	0	CYT
964	3	4	2	4	0	0	3	7	CYT
964	3	4	2	4	0	0	3	7	CYT
965	1	4	2	5	0	0	1	7	CYT
966	0	2	1	1	0	0	0	7	CYT
967	0	0	0	1	0	0	3	0	CYT
967	0	0	0	1	0	0	3	0	CYT
968	1	4	2	0	0	0	0	0	CYT
969	1	4	2	0	0	0	3	0	CYT
970	0	2	0	1	0	0	1	0	CYT
971	1	2	1	1	0	0	0	7	CYT
972	1	2	2	1	0	0	0	0	CYT
973	1	2	2	1	0	0	0	0	CYT
974	5	4	2	4	0	0	5	7	CYT
974	5	4	2	4	0	0	5	7	CYT
975	1	7	7	8	0	0	4	9	CYT
976	5	8	8	8	0	0	6	9	CYT
976	5	8	8	8	0	0	6	9	CYT
977	0	4	0	5	0	0	0	0	CYT
978	0	4	0	4	0	0	1	0	CYT
979	2	2	1	5	0	0	0	0	CYT
980	5	4	1	0	0	0	0	2	CYT
981	2	2	1	0	0	0	0	0	CYT
982	2	3	0	6	0	0	1	0	CYT
983	3	0	0	0	0	0	8	0	CYT
984	3	3	1	1	0	0	8	0	CYT
985	3	0	0	0	0	0	8	0	CYT
986	4	6	1	1	0	0	8	0	CYT
987	1	3	0	4	0	0	1	0	MIT
988	1	0	1	1	0	0	0	0	NUC
989	0	0	0	0	0	0	1	1	NUC
990	2	3	0	5	0	0	0	0	MIT
991	1	4	0	1	0	0	3	1	CYT
992	2	2	2	1	0	0	0	0	CYT
993	2	2	2	1	0	0	0	0	CYT
994	5	2	1	1	0	0	3	7	CYT
994	5	2	1	1	0	0	3	7	CYT
995	2	2	0	4	0	0	0	0	CYT
996	1	4	1	1	0	0	0	0	CYT
996	1	4	1	1	0	0	0	0	CYT
997	1	3	2	0	0	0	0	0	CYT
998	1	3	1	5	0	0	1	0	CYT
999	1	3	1	5	0	0	1	0	CYT
1000	1	0	1	0	0	0	0	0	CYT
1001	1	0	1	0	0	0	3	0	CYT
1002	1	3	0	5	0	0	1	7	CYT
1002	1	3	0	5	0	0	1	7	CYT
1003	2	3	1	0	0	0	0	0	CYT
1004	0	3	1	1	0	0	0	7	CYT
1005	2	3	2	1	0	0	5	7	CYT
1006	1	3	2	1	0	0	2	4	CYT
1007	2	0	1	4	0	0	0	0	CYT
1007	2	0	1	4	0	0	0	0	CYT
1008	5	7	2	5	0	0	0	1	CYT
1008	5	7	2	5	0	0	0	1	CYT
1009	0	0	0	0	0	0	0	2	NUC
1010	1	4	0	1	0	0	3	0	NUC
1011	1	2	1	6	0	0	0	0	NUC
1012	2	2	1	1	0	0	0	0	CYT
1013	5	4	0	4	0	0	0	0	CYT
1014	0	3	3	6	0	0	0	0	ME3
1015	2	2	0	1	0	0	0	0	CYT
1016	5	7	1	1	0	0	0	2	CYT
1017	4	5	3	1	0	0	0	0	ME1
1018	0	3	1	0	0	0	0	0	CYT
1019	2	3	0	1	0	0	1	3	CYT
1020	1	9	3	5	0	0	0	0	MIT
1021	0	2	0	0	0	0	0	0	CYT
1022	1	2	4	0	0	0	1	0	ME3
1023	2	3	0	5	0	0	1	0	MIT
1024	1	3	1	0	0	0	1	0	NUC
1025	0	0	0	2	0	0	0	0	MIT
1026	2	3	1	2	0	0	0	0	MIT
1027	2	0	3	2	0	0	0	0	MIT
1028	2	0	0	2	0	0	1	0	MIT
1029	1	2	0	0	0	0	1	0	CYT
1030	0	3	0	0	0	0	1	1	CYT
1031	6	1	0	0	0	0	0	0	ME1
1032	2	3	3	0	0	0	1	0	ME2
1033	2	4	1	6	0	0	0	0	CYT
1034	1	2	1	0	0	0	1	0	CYT
1035	2	3	0	0	0	0	1	0	CYT
1036	1	2	1	0	0	0	1	0	CYT
1037	5	2	0	0	0	0	1	0	CYT
1038	0	3	0	0	0	0	0	0	CYT
1039	1	2	3	0	1	0	0	0	ME2
1040	1	1	0	1	0	0	1	0	CYT
1041	0	3	4	1	0	0	0	0	ME2
1042	1	3	0	6	0	0	0	0	CYT
1043	1	3	1	1	0	0	1	0	CYT
1044	2	3	1	0	0	0	1	1	CYT
1045	2	3	4	1	0	0	1	0	ME3
1046	1	4	0	0	0	0	0	0	CYT
1047	2	1	4	1	0	0	0	0	ME3
1048	2	2	4	0	0	0	0	0	ME3
1049	3	1	3	0	0	0	1	0	ME3
1050	1	2	1	0	0	0	1	0	CYT
1051	1	1	3	0	0	0	0	0	ME2
1052	5	2	0	0	0	0	0	1	ME2
1053	0	3	1	0	0	0	0	0	CYT
1054	2	3	0	1	0	0	1	1	CYT
1055	1	7	2	0	0	0	3	2	CYT
1056	2	3	1	1	0	0	1	0	MIT
1057	4	6	3	4	0	0	3	0	ME1
1058	2	3	3	6	1	0	1	0	ME3
1059	1	7	4	1	0	0	3	0	ME3
1060	2	4	0	1	0	0	1	5	NUC
1061	2	3	0	1	0	0	0	0	NUC
1062	5	4	1	0	0	0	1	1	CYT
1063	2	3	0	0	0	0	0	0	NUC
1064	2	0	1	4	0	0	0	0	NUC
1065	3	6	1	1	0	0	0	0	VAC
1066	6	1	4	4	0	0	1	0	ME1
1067	0	0	0	0	0	0	1	0	MIT
1068	2	3	1	5	0	0	1	0	MIT
1069	2	3	0	1	0	0	1	0	CYT
1070	3	0	4	0	0	0	1	0	ME2
1071	1	2	2	3	0	0	3	0	CYT
1072	2	2	1	0	0	0	0	0	NUC
1073	1	3	1	1	0	0	0	0	NUC
1074	1	0	0	0	0	0	0	0	NUC
1075	1	2	1	4	0	0	3	0	NUC
1076	1	2	1	5	0	0	0	1	NUC
1077	1	7	0	1	0	0	1	1	NUC
1078	2	3	0	1	0	0	1	2	NUC
1079	5	2	1	1	0	0	1	2	NUC
1080	0	3	1	0	0	0	1	0	CYT
1081	5	2	0	0	0	0	0	1	NUC
1082	5	0	0	0	0	0	1	0	NUC
1083	1	2	4	4	0	0	1	0	ME3
1084	1	3	1	1	0	0	3	0	NUC
1085	2	3	1	0	0	0	1	3	NUC
1086	5	3	0	0	0	0	3	6	CYT
1087	1	3	3	1	0	0	3	2	ME3
1088	4	1	1	4	0	0	0	0	ME2
1089	2	0	4	4	0	0	1	1	ME3
1090	9	8	2	4	0	0	0	0	NUC
1091	0	4	1	0	0	0	1	1	CYT
1092	1	2	4	4	0	0	0	0	ME3
1093	2	3	0	0	0	0	1	4	NUC
1094	1	6	3	0	0	0	0	0	NUC
1095	2	3	1	0	0	0	3	3	NUC
1096	0	3	4	0	0	0	1	0	MIT
1097	7	4	4	0	0	0	1	0	MIT
1098	2	3	0	1	0	0	1	0	CYT
1099	0	0	1	4	0	0	0	0	CYT
1100	7	2	5	0	0	0	0	0	ME3
1101	7	4	5	0	0	0	0	0	ME3
1102	1	2	0	1	0	0	1	0	CYT
1103	5	2	1	1	0	0	0	3	NUC
1104	5	2	3	0	0	0	0	0	ME3
1105	1	2	0	0	0	0	0	0	CYT
1106	3	2	1	2	0	0	9	1	NUC
1107	2	2	2	1	0	0	3	0	NUC
1108	5	2	1	0	0	0	0	0	NUC
1109	2	3	1	0	0	0	2	0	NUC
1110	2	0	1	0	0	0	0	0	NUC
1111	1	0	3	1	0	0	1	1	ME3
1112	2	0	0	6	0	0	1	0	CYT
1113	2	2	1	4	0	0	0	0	MIT
1114	5	4	1	1	0	0	0	2	NUC
1115	1	2	0	1	0	0	0	0	NUC
1116	1	4	1	1	0	0	1	1	NUC
1117	2	2	1	0	0	0	5	7	CYT
1117	2	2	1	0	0	0	5	7	CYT
1118	2	2	0	0	0	0	1	0	CYT
1119	0	3	0	0	0	0	0	2	NUC
1120	1	2	0	1	0	0	0	0	NUC
1121	1	3	0	1	0	0	0	1	NUC
1122	3	0	1	4	0	0	0	0	EXC
1123	4	1	0	5	0	0	3	0	EXC
1124	1	0	0	1	0	0	1	0	NUC
1125	5	1	0	0	0	2	1	0	POX
1126	7	2	0	0	0	0	0	2	NUC
1127	2	2	0	0	0	0	0	0	NUC
1128	5	7	0	0	0	0	0	0	NUC
1129	5	3	2	4	0	0	1	3	NUC
1130	1	0	1	0	0	0	0	0	NUC
1131	2	0	4	1	0	0	1	1	NUC
1132	0	3	0	1	0	0	0	1	NUC
1133	3	3	1	1	0	0	0	0	NUC
1134	2	2	0	0	0	0	0	2	NUC
1135	7	8	0	0	0	0	1	4	NUC
1136	2	0	1	4	0	0	1	2	NUC
1137	2	4	1	0	0	0	1	0	NUC
1138	2	3	0	1	0	0	1	0	NUC
1139	2	0	3	0	0	0	1	0	NUC
1140	0	0	1	0	0	0	0	0	NUC
1141	2	2	1	0	0	0	3	0	NUC
1142	2	4	0	1	0	0	1	0	NUC
1143	2	7	1	1	0	0	0	0	NUC
1144	5	3	1	4	0	0	1	1	NUC
1145	7	4	0	0	0	0	3	1	NUC
1146	2	2	0	0	0	0	0	0	ME3
1147	0	3	2	1	0	0	1	4	CYT
1148	2	3	0	1	0	0	0	1	CYT
1149	0	4	0	1	0	0	0	2	CYT
1150	0	3	0	0	0	0	0	6	CYT
1151	2	3	1	0	0	0	1	1	CYT
1152	2	3	0	0	0	0	1	0	CYT
1153	2	3	0	0	0	0	0	0	CYT
1154	2	3	0	1	0	0	0	0	CYT
1155	2	3	0	0	0	0	0	0	CYT
1156	0	2	0	6	0	0	0	1	CYT
1157	0	2	0	6	0	0	0	1	CYT
1158	1	4	2	0	0	0	0	0	NUC
1159	2	3	0	5	0	0	0	0	MIT
1160	1	2	0	1	0	0	0	2	CYT
1161	1	2	0	0	0	0	0	4	NUC
1162	9	1	1	0	0	0	9	0	NUC
1163	1	2	5	0	0	0	3	0	ME3
1164	7	2	5	0	0	0	3	0	ME3
1165	3	0	1	4	0	0	2	0	EXC
1166	2	4	3	1	0	0	1	0	ME3
1167	1	2	3	0	0	0	1	0	ME3
1168	6	6	0	4	0	0	3	0	EXC
1169	1	3	1	1	0	0	0	1	NUC
1170	5	4	5	4	0	0	0	1	ME3
1171	1	0	3	0	0	0	1	0	ME3
1172	5	4	2	1	0	0	5	0	CYT
1173	2	3	3	0	0	0	0	1	ME3
1174	5	2	1	0	0	0	1	1	CYT
1175	6	1	4	1	0	0	1	1	ME1
1176	1	2	1	0	0	0	0	0	CYT
1177	1	0	0	1	0	0	1	1	NUC
1178	1	0	3	4	0	0	0	0	ME3
1179	2	2	2	3	0	0	0	7	MIT
1180	7	8	6	1	0	0	0	0	MIT
1181	3	0	1	0	0	0	0	3	NUC
1182	5	3	3	1	0	0	0	0	ME3
1183	2	3	1	1	0	0	0	2	NUC
1184	5	4	0	1	0	0	1	0	CYT
1185	0	2	4	0	0	0	0	0	VAC
1186	0	0	3	1	0	0	1	0	NUC
1187	4	6	0	1	0	0	0	1	EXC
1188	4	6	0	1	0	0	0	0	EXC
1189	4	6	1	1	0	0	0	0	EXC
1190	0	4	1	0	0	0	0	0	NUC
1191	1	4	2	0	0	0	0	0	CYT
1192	2	0	1	1	0	0	1	0	CYT
1193	1	4	1	1	0	0	1	6	CYT
1194	1	7	3	4	0	0	1	0	ME3
1195	1	3	1	0	0	0	1	0	CYT
1196	7	7	0	6	0	0	3	1	CYT
1197	7	3	0	4	0	0	3	0	CYT
1198	1	4	1	5	0	0	0	0	CYT
1199	0	3	1	4	0	0	1	0	MIT
1200	2	8	3	4	0	0	0	1	NUC
1201	2	2	0	0	0	0	0	0	NUC
1202	2	4	0	0	0	0	0	3	NUC
1203	1	4	2	0	0	0	0	3	NUC
1204	1	3	1	0	0	0	1	0	NUC
1205	4	1	5	1	0	0	1	0	ME1
1206	5	3	3	0	0	0	0	1	ME3
1207	0	0	0	0	0	0	1	0	CYT
1208	5	2	4	0	0	0	1	0	ME3
1209	1	0	0	0	0	0	0	1	NUC
1210	2	2	0	4	0	0	0	1	CYT
1211	2	3	0	1	0	0	1	0	CYT
1212	0	2	0	0	0	0	1	0	CYT
1213	2	2	0	0	0	0	1	0	CYT
1214	0	3	0	1	0	0	0	0	CYT
1215	1	2	0	0	0	0	1	0	CYT
1216	2	3	0	1	0	0	0	0	CYT
1217	0	3	0	5	0	0	1	0	CYT
1218	0	4	0	5	0	0	1	0	CYT
1219	0	3	0	5	0	0	1	0	CYT
1220	2	3	0	0	0	0	0	1	NUC
1221	1	2	1	0	0	0	1	0	NUC
1222	0	2	0	0	0	0	0	0	CYT
1222	0	2	0	0	0	0	0	0	CYT
1223	2	2	1	4	0	0	1	2	CYT
1224	2	3	1	4	0	0	1	1	CYT
1225	2	6	0	1	0	0	0	0	NUC
1226	0	3	2	0	0	0	0	2	NUC
1227	0	0	1	6	0	0	1	1	NUC
1228	2	1	1	0	0	0	1	1	NUC
1229	1	0	2	0	0	0	0	1	NUC
1230	2	4	0	0	0	0	0	2	NUC
1231	5	8	0	0	0	0	0	6	NUC
1232	1	3	1	0	0	0	0	0	CYT
1233	2	3	1	4	0	0	1	0	CYT
1234	5	4	1	0	0	0	0	0	CYT
1235	1	2	0	0	0	0	0	0	CYT
1236	5	4	2	1	0	0	1	0	CYT
1235	1	2	0	0	0	0	0	0	CYT
1237	2	3	1	0	0	0	0	3	CYT
1238	5	4	0	0	0	0	0	1	CYT
1239	7	7	0	0	0	0	0	0	CYT
1240	1	2	1	1	0	0	1	1	CYT
1241	1	3	0	0	0	0	1	0	CYT
1242	1	3	0	0	0	0	2	0	CYT
1243	4	1	3	1	0	0	1	0	ME1
1244	1	3	1	0	0	0	0	0	CYT
1245	4	6	3	1	0	0	2	0	ME1
1246	4	5	3	1	0	0	1	0	ME1
1247	0	3	0	0	0	0	1	0	CYT
1248	2	1	0	0	0	0	0	0	CYT
1249	2	2	1	0	0	0	0	0	NUC
1250	0	7	2	1	0	0	0	0	NUC
1251	2	3	1	1	0	0	0	0	NUC
1252	1	2	1	0	0	0	0	4	NUC
1253	1	4	0	0	0	0	1	3	NUC
1254	2	3	1	1	0	0	0	0	NUC
1255	2	3	3	5	0	0	0	1	VAC
1256	1	3	0	1	0	0	1	0	CYT
1257	7	7	1	0	0	0	0	0	CYT
1258	2	2	1	0	0	0	5	0	CYT
1259	1	4	1	0	0	0	0	0	CYT
1260	1	2	6	1	0	0	0	0	CYT
1261	1	2	6	0	0	0	0	0	CYT
1262	0	3	1	1	0	0	0	0	CYT
1263	2	2	0	1	0	0	0	2	CYT
1264	1	2	0	0	0	0	1	1	CYT
1265	2	4	3	5	0	0	0	8	ME3
1266	0	3	3	2	0	0	0	4	ME3
1267	2	4	0	0	0	0	1	0	NUC
1268	2	2	0	1	0	0	1	1	MIT
1269	0	0	1	1	0	0	1	0	CYT
1270	5	2	1	0	0	0	0	0	CYT
1271	0	4	0	1	0	0	1	0	CYT
1272	1	6	0	1	0	0	2	0	CYT
1273	2	2	0	1	0	0	0	0	CYT
1274	0	0	3	1	0	0	0	0	CYT
1275	4	3	1	0	0	0	0	1	CYT
1276	2	3	0	4	0	0	1	0	NUC
1277	4	0	4	4	0	0	2	0	ME2
1278	2	3	1	0	0	0	1	0	CYT
1279	0	2	1	0	0	0	1	0	CYT
1280	2	2	1	0	0	0	0	0	CYT
1281	0	2	1	0	0	0	1	0	CYT
1282	0	1	0	2	0	0	0	0	MIT
1283	2	2	1	0	0	0	5	0	NUC
1284	5	3	2	4	0	0	1	1	NUC
1285	3	3	1	0	0	0	1	0	CYT
1286	2	3	0	0	0	0	1	1	CYT
1287	0	2	0	1	0	0	1	0	CYT
1288	2	2	0	1	0	0	2	0	CYT
1289	2	2	0	1	0	0	2	0	CYT
1290	1	3	4	1	0	0	1	0	ME3
1291	2	2	1	1	0	0	1	0	CYT
1292	1	2	2	1	0	0	3	0	CYT
1293	0	1	0	0	0	0	1	2	CYT
1294	9	2	1	0	0	0	1	0	CYT
1295	7	2	0	0	0	0	1	1	CYT
1296	1	2	3	0	0	0	0	2	CYT
1297	2	4	0	1	0	0	1	4	NUC
1298	1	3	4	0	0	0	1	0	ME3
1299	5	2	0	0	0	0	0	1	NUC
1300	0	0	2	1	0	0	0	2	NUC
1301	2	2	1	2	0	0	0	1	NUC
1302	2	4	1	1	0	0	2	0	CYT
1303	0	3	0	0	0	0	1	0	NUC
1304	2	0	1	6	0	0	0	0	CYT
1305	1	7	1	5	0	0	3	0	CYT
1306	2	4	1	0	0	0	5	0	CYT
1307	2	2	0	0	0	0	1	1	ME3
1308	2	3	1	0	0	0	0	0	NUC
1309	2	2	0	6	0	0	1	0	VAC
1310	3	4	1	1	0	0	8	0	MIT
1311	2	3	0	2	0	0	1	4	CYT
1312	5	3	0	0	0	0	1	0	VAC
1313	3	1	4	0	0	0	2	0	VAC
1314	1	4	1	0	0	0	1	0	VAC
1315	3	0	4	0	0	0	1	0	VAC
1316	0	4	0	0	0	0	1	0	VAC
1317	0	0	1	0	0	0	1	0	VAC
1318	2	0	1	0	0	0	0	0	VAC
1319	3	0	1	1	0	0	0	0	VAC
1320	2	3	0	1	0	0	3	0	VAC
1321	0	3	4	0	0	0	1	0	VAC
1322	1	4	4	0	0	0	0	0	VAC
1323	2	3	0	0	0	0	0	1	CYT
1324	3	0	0	1	0	0	1	0	CYT
1325	1	3	0	0	0	0	0	0	CYT
1326	7	2	1	0	0	0	3	0	CYT
1327	0	3	0	1	0	0	0	0	CYT
1328	0	1	3	4	0	0	0	0	CYT
1329	0	2	0	0	0	0	1	0	VAC
1330	1	3	0	0	0	0	0	0	CYT
1331	2	2	1	0	0	0	2	0	CYT
1332	4	1	4	1	0	0	0	0	ME1
1333	0	3	0	0	0	0	1	2	NUC
1334	8	6	4	4	0	0	1	0	ME1
1335	2	4	1	2	0	0	0	3	MIT
1336	3	1	4	6	0	0	1	0	ME1
1337	1	2	0	0	0	0	1	2	NUC
1338	2	3	4	0	0	0	1	0	ME3
1339	1	0	3	1	0	0	0	0	ME3
1340	1	3	3	1	0	0	1	0	NUC
1341	4	6	5	4	0	0	0	0	ME1
1342	6	6	3	4	0	0	3	0	ME2
1343	2	3	3	0	0	0	0	0	ME3
1344	0	3	1	1	0	0	1	2	NUC
1345	2	3	0	1	0	0	0	0	CYT
1346	2	2	1	4	0	0	1	0	CYT
1347	3	6	3	4	0	0	1	0	ME1
1348	5	3	0	1	0	0	1	1	ME3
1349	2	2	0	0	0	0	1	0	ME3
1350	1	4	0	1	0	0	3	0	MIT
1351	0	3	0	5	0	0	0	0	MIT
1352	5	7	1	4	0	0	0	0	NUC
1353	7	7	3	0	0	0	1	0	ME3
1354	7	2	0	0	0	0	0	1	NUC
1355	1	3	3	0	0	0	1	0	ME3
1356	7	7	1	1	0	0	0	7	CYT
1357	1	0	1	1	0	0	0	0	MIT
1358	2	2	3	1	0	0	1	0	ME3
1359	7	3	4	1	0	0	1	1	ME3
1360	7	2	0	0	0	0	1	3	NUC
1361	1	2	3	0	0	0	1	1	ME3
1362	1	2	0	1	0	0	1	4	NUC
1363	1	0	3	0	0	0	0	0	ME3
1364	4	6	3	4	0	0	1	0	ME1
1365	5	4	0	4	0	0	0	0	NUC
1366	1	2	3	0	0	2	0	0	POX
1367	0	3	0	0	0	2	1	2	POX
1368	1	0	3	0	0	0	0	0	ME3
1369	0	1	0	1	0	0	1	0	MIT
1370	3	0	5	4	0	0	1	0	ME3
1371	4	1	3	0	0	0	0	0	ME1
1372	2	0	4	1	0	0	0	0	ME3
1373	3	3	0	1	0	0	5	1	ME2
1374	0	3	0	5	0	0	5	1	CYT
1375	0	0	0	3	0	0	0	0	MIT
1376	5	1	3	0	0	0	0	0	ME3
1377	4	1	4	0	0	0	1	0	ME1
1378	2	4	4	1	0	0	0	0	ME3
1379	5	4	4	0	0	0	1	0	ME3
1380	3	0	3	1	0	0	0	0	ME3
1381	3	0	3	0	0	0	0	1	ME2
1382	2	2	1	1	0	0	0	0	MIT
1383	1	3	4	0	0	0	0	0	ME3
1384	2	4	3	1	0	0	0	1	ME3
1385	5	2	3	0	0	0	0	0	ME3
1386	4	1	4	4	0	0	0	0	ME1
1387	2	3	1	0	0	0	0	0	NUC
1388	3	0	3	1	0	0	3	0	EXC
1389	7	3	4	0	0	0	1	0	ME3
1390	0	2	0	4	0	0	1	1	NUC
1391	2	0	4	1	0	0	0	0	ME3
1392	0	2	1	0	0	0	1	0	CYT
1393	2	0	0	0	0	0	1	6	CYT
1394	1	1	0	0	0	0	0	0	ME3
1395	1	4	4	0	0	0	1	0	ME3
1396	1	2	3	4	0	0	1	0	NUC
1397	1	3	3	0	0	0	1	0	ME3
1398	4	6	3	1	0	0	1	0	EXC
1399	0	0	3	0	0	0	1	0	ME3
1400	2	2	2	0	0	0	1	1	NUC
1401	6	9	4	1	0	0	0	0	ME1
1402	0	6	4	0	0	0	0	2	ME3
1403	5	4	0	0	0	0	0	2	NUC
1404	1	1	4	0	0	0	0	0	ME3
1405	1	4	4	1	0	0	0	0	ME3
1406	2	0	0	0	0	0	0	1	ME3
1407	7	0	0	1	0	0	0	0	ME3
1408	5	7	3	0	0	0	1	0	ME3
1409	2	2	3	4	0	0	0	0	ME3
1410	8	1	0	1	0	0	1	0	ME1
1411	2	3	3	0	0	0	1	0	ME3
1412	6	6	4	0	0	0	1	0	ME2
1413	1	2	1	0	0	0	1	4	NUC
1414	3	1	3	1	0	0	0	0	ME1
1415	4	1	0	0	0	0	0	0	ME1
1416	2	3	4	1	0	0	1	0	ME3
1417	0	1	3	2	0	0	1	0	ME2
1418	0	1	4	1	0	0	1	0	ME3
1419	1	2	0	0	0	0	0	1	NUC
1420	4	0	0	0	0	0	0	0	POX
1421	4	1	4	0	0	0	1	2	ME1
1422	2	0	0	0	0	0	0	0	MIT
1423	2	2	4	0	0	0	0	0	ME3
1424	2	3	1	3	0	0	3	7	CYT
1425	5	7	0	0	0	0	1	1	NUC
1426	5	7	0	0	0	0	1	3	NUC
1427	0	1	0	0	0	0	0	0	MIT
1428	6	5	4	4	0	0	1	2	ME1
1429	5	3	2	1	0	0	0	7	NUC
1430	1	7	1	5	0	0	2	3	NUC
1431	5	4	3	5	0	0	0	2	ME3
1432	0	0	0	7	0	0	0	0	NUC
1433	1	2	3	0	0	0	0	3	NUC
1434	4	6	3	1	0	0	0	0	ME1
1435	2	4	1	0	0	0	1	0	CYT
1436	2	0	3	0	0	0	0	0	MIT
1437	1	2	0	1	0	0	0	3	CYT
1438	1	0	0	2	0	0	0	0	MIT
1439	4	6	0	5	0	0	1	0	POX
1440	2	3	1	3	0	0	0	0	MIT
1441	1	2	0	0	0	0	1	1	NUC
1442	7	2	0	0	0	0	1	0	NUC
1443	0	3	3	4	0	0	1	4	NUC
1444	5	7	4	6	0	0	1	0	ME3
1445	1	3	1	1	0	0	3	7	CYT
1446	1	0	0	0	0	0	0	0	MIT
1447	1	2	0	0	0	0	0	0	MIT
1448	0	0	0	5	0	0	0	0	MIT
1449	2	2	2	1	0	0	2	0	MIT
1450	0	1	1	0	0	0	0	4	NUC
1451	0	0	1	0	0	0	0	0	CYT
1452	2	0	1	0	0	0	0	0	CYT
1453	3	3	0	0	0	0	0	0	CYT
1454	0	3	1	1	0	0	0	0	CYT
1455	1	4	2	5	0	0	0	7	CYT
1456	1	2	2	4	0	0	3	7	CYT
1457	4	0	3	0	0	0	1	0	ME2
1458	2	2	2	4	0	0	0	2	NUC
1459	3	0	4	0	0	0	1	0	ME2
1460	1	2	1	0	0	0	1	1	NUC
1461	3	3	1	0	0	0	1	0	CYT
